Workbook

Sheet Inventario_Columnas
A1: archivo | B1: hoja | C1: fila_encabezado | D1: filas_datos | E1: filas_excel | F1: n_columnas | G1: n_columna | H1: nombre_columna | I1: columnas_completas | J1: ejemplo_1 | K1: ejemplo_2 | L1: ejemplo_3
A2: 01_Data\01_Raw\PARATEC\GENERACION\EOLICA\PARATEC_Peólica_14-08-2026.xlsx | B2: Peólica | C2: 6 | D2: 3 | E2: 2000 | F2: 33 | G2: 1 | H2: Nombre | I2: Nombre | Operador | Estado | Fecha de puesta en operación FPO | Modo de operación | Punto de conexión o barra del STR/STN | Tipo de proceso productivo | Unidades equivalentes eólica | Voltaje de conexión [kV] | Potencia nominal [MW] | Potencia máxima [MW] | Mínimo técnico [MW] | Capacidad efectiva neta [MW] | Arranque autónomo [Si/No] | Estatismo en frecuencia [%] | Estatismo en frecuencia mínimo [%] | Estatismo en frecuencia máximo [%] | Estatismo en tensión [%] | Banda muerta de operación [mHz] | Rango banda muerta de operación [mHz] | Capacidad de absorción [MVAr] | Capacidad de generación [MVAr] | Constante K | Tiempo de respuesta inicial del control rápido de corriente reactiva [ms] | Tiempo de respuesta inicial máximo-frecuencia [s] | Tiempo de establecimiento máximo-frecuencia [s] | Tiempo de respuesta inicial de tensión [s] | Tiempo de establecimiento de tensión [s] | Velocidad de toma de carga [MW/min] | Velocidad de descarga [MW/min] | Departamento | Municipio | Subárea | J2: PARQUE EOLICO CARRETO | K2: PARQUE EOLICO GUAJIRA I | L2: PARQUE EOLICO WESP01
A3: 01_Data\01_Raw\PARATEC\GENERACION\EOLICA\PARATEC_Peólica_14-08-2026.xlsx | B3: Peólica | C3: 6 | D3: 3 | E3: 2000 | F3: 33 | G3: 2 | H3: Operador | I3: Nombre | Operador | Estado | Fecha de puesta en operación FPO | Modo de operación | Punto de conexión o barra del STR/STN | Tipo de proceso productivo | Unidades equivalentes eólica | Voltaje de conexión [kV] | Potencia nominal [MW] | Potencia máxima [MW] | Mínimo técnico [MW] | Capacidad efectiva neta [MW] | Arranque autónomo [Si/No] | Estatismo en frecuencia [%] | Estatismo en frecuencia mínimo [%] | Estatismo en frecuencia máximo [%] | Estatismo en tensión [%] | Banda muerta de operación [mHz] | Rango banda muerta de operación [mHz] | Capacidad de absorción [MVAr] | Capacidad de generación [MVAr] | Constante K | Tiempo de respuesta inicial del control rápido de corriente reactiva [ms] | Tiempo de respuesta inicial máximo-frecuencia [s] | Tiempo de establecimiento máximo-frecuencia [s] | Tiempo de respuesta inicial de tensión [s] | Tiempo de establecimiento de tensión [s] | Velocidad de toma de carga [MW/min] | Velocidad de descarga [MW/min] | Departamento | Municipio | Subárea | J3: CELSIA COLOMBIA S.A. E.S.P. | K3: ISAGEN S.A. E.S.P.
A4: 01_Data\01_Raw\PARATEC\GENERACION\EOLICA\PARATEC_Peólica_14-08-2026.xlsx | B4: Peólica | C4: 6 | D4: 3 | E4: 2000 | F4: 33 | G4: 3 | H4: Estado | I4: Nombre | Operador | Estado | Fecha de puesta en operación FPO | Modo de operación | Punto de conexión o barra del STR/STN | Tipo de proceso productivo | Unidades equivalentes eólica | Voltaje de conexión [kV] | Potencia nominal [MW] | Potencia máxima [MW] | Mínimo técnico [MW] | Capacidad efectiva neta [MW] | Arranque autónomo [Si/No] | Estatismo en frecuencia [%] | Estatismo en frecuencia mínimo [%] | Estatismo en frecuencia máximo [%] | Estatismo en tensión [%] | Banda muerta de operación [mHz] | Rango banda muerta de operación [mHz] | Capacidad de absorción [MVAr] | Capacidad de generación [MVAr] | Constante K | Tiempo de respuesta inicial del control rápido de corriente reactiva [ms] | Tiempo de respuesta inicial máximo-frecuencia [s] | Tiempo de establecimiento máximo-frecuencia [s] | Tiempo de respuesta inicial de tensión [s] | Tiempo de establecimiento de tensión [s] | Velocidad de toma de carga [MW/min] | Velocidad de descarga [MW/min] | Departamento | Municipio | Subárea | J4: Pruebas
A5: 01_Data\01_Raw\PARATEC\GENERACION\EOLICA\PARATEC_Peólica_14-08-2026.xlsx | B5: Peólica | C5: 6 | D5: 3 | E5: 2000 | F5: 33 | G5: 4 | H5: Fecha de puesta en operación FPO | I5: Nombre | Operador | Estado | Fecha de puesta en operación FPO | Modo de operación | Punto de conexión o barra del STR/STN | Tipo de proceso productivo | Unidades equivalentes eólica | Voltaje de conexión [kV] | Potencia nominal [MW] | Potencia máxima [MW] | Mínimo técnico [MW] | Capacidad efectiva neta [MW] | Arranque autónomo [Si/No] | Estatismo en frecuencia [%] | Estatismo en frecuencia mínimo [%] | Estatismo en frecuencia máximo [%] | Estatismo en tensión [%] | Banda muerta de operación [mHz] | Rango banda muerta de operación [mHz] | Capacidad de absorción [MVAr] | Capacidad de generación [MVAr] | Constante K | Tiempo de respuesta inicial del control rápido de corriente reactiva [ms] | Tiempo de respuesta inicial máximo-frecuencia [s] | Tiempo de establecimiento máximo-frecuencia [s] | Tiempo de respuesta inicial de tensión [s] | Tiempo de establecimiento de tensión [s] | Velocidad de toma de carga [MW/min] | Velocidad de descarga [MW/min] | Departamento | Municipio | Subárea | J5: -
A6: 01_Data\01_Raw\PARATEC\GENERACION\EOLICA\PARATEC_Peólica_14-08-2026.xlsx | B6: Peólica | C6: 6 | D6: 3 | E6: 2000 | F6: 33 | G6: 5 | H6: Modo de operación | I6: Nombre | Operador | Estado | Fecha de puesta en operación FPO | Modo de operación | Punto de conexión o barra del STR/STN | Tipo de proceso productivo | Unidades equivalentes eólica | Voltaje de conexión [kV] | Potencia nominal [MW] | Potencia máxima [MW] | Mínimo técnico [MW] | Capacidad efectiva neta [MW] | Arranque autónomo [Si/No] | Estatismo en frecuencia [%] | Estatismo en frecuencia mínimo [%] | Estatismo en frecuencia máximo [%] | Estatismo en tensión [%] | Banda muerta de operación [mHz] | Rango banda muerta de operación [mHz] | Capacidad de absorción [MVAr] | Capacidad de generación [MVAr] | Constante K | Tiempo de respuesta inicial del control rápido de corriente reactiva [ms] | Tiempo de respuesta inicial máximo-frecuencia [s] | Tiempo de establecimiento máximo-frecuencia [s] | Tiempo de respuesta inicial de tensión [s] | Tiempo de establecimiento de tensión [s] | Velocidad de toma de carga [MW/min] | Velocidad de descarga [MW/min] | Departamento | Municipio | Subárea | J6: No Despachada Centralmente
A7: 01_Data\01_Raw\PARATEC\GENERACION\EOLICA\PARATEC_Peólica_14-08-2026.xlsx | B7: Peólica | C7: 6 | D7: 3 | E7: 2000 | F7: 33 | G7: 6 | H7: Punto de conexión o barra del STR/STN | I7: Nombre | Operador | Estado | Fecha de puesta en operación FPO | Modo de operación | Punto de conexión o barra del STR/STN | Tipo de proceso productivo | Unidades equivalentes eólica | Voltaje de conexión [kV] | Potencia nominal [MW] | Potencia máxima [MW] | Mínimo técnico [MW] | Capacidad efectiva neta [MW] | Arranque autónomo [Si/No] | Estatismo en frecuencia [%] | Estatismo en frecuencia mínimo [%] | Estatismo en frecuencia máximo [%] | Estatismo en tensión [%] | Banda muerta de operación [mHz] | Rango banda muerta de operación [mHz] | Capacidad de absorción [MVAr] | Capacidad de generación [MVAr] | Constante K | Tiempo de respuesta inicial del control rápido de corriente reactiva [ms] | Tiempo de respuesta inicial máximo-frecuencia [s] | Tiempo de establecimiento máximo-frecuencia [s] | Tiempo de respuesta inicial de tensión [s] | Tiempo de establecimiento de tensión [s] | Velocidad de toma de carga [MW/min] | Velocidad de descarga [MW/min] | Departamento | Municipio | Subárea | J7: BARANOA 34.5 | K7: CUESTECITAS 110 | L7: JOUKTAI 110
A8: 01_Data\01_Raw\PARATEC\GENERACION\EOLICA\PARATEC_Peólica_14-08-2026.xlsx | B8: Peólica | C8: 6 | D8: 3 | E8: 2000 | F8: 33 | G8: 7 | H8: Tipo de proceso productivo | I8: Nombre | Operador | Estado | Fecha de puesta en operación FPO | Modo de operación | Punto de conexión o barra del STR/STN | Tipo de proceso productivo | Unidades equivalentes eólica | Voltaje de conexión [kV] | Potencia nominal [MW] | Potencia máxima [MW] | Mínimo técnico [MW] | Capacidad efectiva neta [MW] | Arranque autónomo [Si/No] | Estatismo en frecuencia [%] | Estatismo en frecuencia mínimo [%] | Estatismo en frecuencia máximo [%] | Estatismo en tensión [%] | Banda muerta de operación [mHz] | Rango banda muerta de operación [mHz] | Capacidad de absorción [MVAr] | Capacidad de generación [MVAr] | Constante K | Tiempo de respuesta inicial del control rápido de corriente reactiva [ms] | Tiempo de respuesta inicial máximo-frecuencia [s] | Tiempo de establecimiento máximo-frecuencia [s] | Tiempo de respuesta inicial de tensión [s] | Tiempo de establecimiento de tensión [s] | Velocidad de toma de carga [MW/min] | Velocidad de descarga [MW/min] | Departamento | Municipio | Subárea | J8: Generador
A9: 01_Data\01_Raw\PARATEC\GENERACION\EOLICA\PARATEC_Peólica_14-08-2026.xlsx | B9: Peólica | C9: 6 | D9: 3 | E9: 2000 | F9: 33 | G9: 8 | H9: Unidades equivalentes eólica | I9: Nombre | Operador | Estado | Fecha de puesta en operación FPO | Modo de operación | Punto de conexión o barra del STR/STN | Tipo de proceso productivo | Unidades equivalentes eólica | Voltaje de conexión [kV] | Potencia nominal [MW] | Potencia máxima [MW] | Mínimo técnico [MW] | Capacidad efectiva neta [MW] | Arranque autónomo [Si/No] | Estatismo en frecuencia [%] | Estatismo en frecuencia mínimo [%] | Estatismo en frecuencia máximo [%] | Estatismo en tensión [%] | Banda muerta de operación [mHz] | Rango banda muerta de operación [mHz] | Capacidad de absorción [MVAr] | Capacidad de generación [MVAr] | Constante K | Tiempo de respuesta inicial del control rápido de corriente reactiva [ms] | Tiempo de respuesta inicial máximo-frecuencia [s] | Tiempo de establecimiento máximo-frecuencia [s] | Tiempo de respuesta inicial de tensión [s] | Tiempo de establecimiento de tensión [s] | Velocidad de toma de carga [MW/min] | Velocidad de descarga [MW/min] | Departamento | Municipio | Subárea | J9: PARQUE EOLICO CARRETO 1 | K9: PARQUE EOLICO GUAJIRA I 1 | L9: PARQUE EOLICO WESP01 1
A10: 01_Data\01_Raw\PARATEC\GENERACION\EOLICA\PARATEC_Peólica_14-08-2026.xlsx | B10: Peólica | C10: 6 | D10: 3 | E10: 2000 | F10: 33 | G10: 9 | H10: Voltaje de conexión [kV] | I10: Nombre | Operador | Estado | Fecha de puesta en operación FPO | Modo de operación | Punto de conexión o barra del STR/STN | Tipo de proceso productivo | Unidades equivalentes eólica | Voltaje de conexión [kV] | Potencia nominal [MW] | Potencia máxima [MW] | Mínimo técnico [MW] | Capacidad efectiva neta [MW] | Arranque autónomo [Si/No] | Estatismo en frecuencia [%] | Estatismo en frecuencia mínimo [%] | Estatismo en frecuencia máximo [%] | Estatismo en tensión [%] | Banda muerta de operación [mHz] | Rango banda muerta de operación [mHz] | Capacidad de absorción [MVAr] | Capacidad de generación [MVAr] | Constante K | Tiempo de respuesta inicial del control rápido de corriente reactiva [ms] | Tiempo de respuesta inicial máximo-frecuencia [s] | Tiempo de establecimiento máximo-frecuencia [s] | Tiempo de respuesta inicial de tensión [s] | Tiempo de establecimiento de tensión [s] | Velocidad de toma de carga [MW/min] | Velocidad de descarga [MW/min] | Departamento | Municipio | Subárea | J10: 34,5 | K10: 110
A11: 01_Data\01_Raw\PARATEC\GENERACION\EOLICA\PARATEC_Peólica_14-08-2026.xlsx | B11: Peólica | C11: 6 | D11: 3 | E11: 2000 | F11: 33 | G11: 10 | H11: Potencia nominal [MW] | I11: Nombre | Operador | Estado | Fecha de puesta en operación FPO | Modo de operación | Punto de conexión o barra del STR/STN | Tipo de proceso productivo | Unidades equivalentes eólica | Voltaje de conexión [kV] | Potencia nominal [MW] | Potencia máxima [MW] | Mínimo técnico [MW] | Capacidad efectiva neta [MW] | Arranque autónomo [Si/No] | Estatismo en frecuencia [%] | Estatismo en frecuencia mínimo [%] | Estatismo en frecuencia máximo [%] | Estatismo en tensión [%] | Banda muerta de operación [mHz] | Rango banda muerta de operación [mHz] | Capacidad de absorción [MVAr] | Capacidad de generación [MVAr] | Constante K | Tiempo de respuesta inicial del control rápido de corriente reactiva [ms] | Tiempo de respuesta inicial máximo-frecuencia [s] | Tiempo de establecimiento máximo-frecuencia [s] | Tiempo de respuesta inicial de tensión [s] | Tiempo de establecimiento de tensión [s] | Velocidad de toma de carga [MW/min] | Velocidad de descarga [MW/min] | Departamento | Municipio | Subárea | J11: 9,6 | K11: 20 | L11: 13,8
A12: 01_Data\01_Raw\PARATEC\GENERACION\EOLICA\PARATEC_Peólica_14-08-2026.xlsx | B12: Peólica | C12: 6 | D12: 3 | E12: 2000 | F12: 33 | G12: 11 | H12: Potencia máxima [MW] | I12: Nombre | Operador | Estado | Fecha de puesta en operación FPO | Modo de operación | Punto de conexión o barra del STR/STN | Tipo de proceso productivo | Unidades equivalentes eólica | Voltaje de conexión [kV] | Potencia nominal [MW] | Potencia máxima [MW] | Mínimo técnico [MW] | Capacidad efectiva neta [MW] | Arranque autónomo [Si/No] | Estatismo en frecuencia [%] | Estatismo en frecuencia mínimo [%] | Estatismo en frecuencia máximo [%] | Estatismo en tensión [%] | Banda muerta de operación [mHz] | Rango banda muerta de operación [mHz] | Capacidad de absorción [MVAr] | Capacidad de generación [MVAr] | Constante K | Tiempo de respuesta inicial del control rápido de corriente reactiva [ms] | Tiempo de respuesta inicial máximo-frecuencia [s] | Tiempo de establecimiento máximo-frecuencia [s] | Tiempo de respuesta inicial de tensión [s] | Tiempo de establecimiento de tensión [s] | Velocidad de toma de carga [MW/min] | Velocidad de descarga [MW/min] | Departamento | Municipio | Subárea | J12: 9,6 | K12: 20 | L12: 13,438
A13: 01_Data\01_Raw\PARATEC\GENERACION\EOLICA\PARATEC_Peólica_14-08-2026.xlsx | B13: Peólica | C13: 6 | D13: 3 | E13: 2000 | F13: 33 | G13: 12 | H13: Mínimo técnico [MW] | I13: Nombre | Operador | Estado | Fecha de puesta en operación FPO | Modo de operación | Punto de conexión o barra del STR/STN | Tipo de proceso productivo | Unidades equivalentes eólica | Voltaje de conexión [kV] | Potencia nominal [MW] | Potencia máxima [MW] | Mínimo técnico [MW] | Capacidad efectiva neta [MW] | Arranque autónomo [Si/No] | Estatismo en frecuencia [%] | Estatismo en frecuencia mínimo [%] | Estatismo en frecuencia máximo [%] | Estatismo en tensión [%] | Banda muerta de operación [mHz] | Rango banda muerta de operación [mHz] | Capacidad de absorción [MVAr] | Capacidad de generación [MVAr] | Constante K | Tiempo de respuesta inicial del control rápido de corriente reactiva [ms] | Tiempo de respuesta inicial máximo-frecuencia [s] | Tiempo de establecimiento máximo-frecuencia [s] | Tiempo de respuesta inicial de tensión [s] | Tiempo de establecimiento de tensión [s] | Velocidad de toma de carga [MW/min] | Velocidad de descarga [MW/min] | Departamento | Municipio | Subárea | J13: 0,48 | K13: 0,4 | L13: 0,35
A14: 01_Data\01_Raw\PARATEC\GENERACION\EOLICA\PARATEC_Peólica_14-08-2026.xlsx | B14: Peólica | C14: 6 | D14: 3 | E14: 2000 | F14: 33 | G14: 13 | H14: Capacidad efectiva neta [MW] | I14: Nombre | Operador | Estado | Fecha de puesta en operación FPO | Modo de operación | Punto de conexión o barra del STR/STN | Tipo de proceso productivo | Unidades equivalentes eólica | Voltaje de conexión [kV] | Potencia nominal [MW] | Potencia máxima [MW] | Mínimo técnico [MW] | Capacidad efectiva neta [MW] | Arranque autónomo [Si/No] | Estatismo en frecuencia [%] | Estatismo en frecuencia mínimo [%] | Estatismo en frecuencia máximo [%] | Estatismo en tensión [%] | Banda muerta de operación [mHz] | Rango banda muerta de operación [mHz] | Capacidad de absorción [MVAr] | Capacidad de generación [MVAr] | Constante K | Tiempo de respuesta inicial del control rápido de corriente reactiva [ms] | Tiempo de respuesta inicial máximo-frecuencia [s] | Tiempo de establecimiento máximo-frecuencia [s] | Tiempo de respuesta inicial de tensión [s] | Tiempo de establecimiento de tensión [s] | Velocidad de toma de carga [MW/min] | Velocidad de descarga [MW/min] | Departamento | Municipio | Subárea | J14: 9,1 | K14: 19,9 | L14: 12
A15: 01_Data\01_Raw\PARATEC\GENERACION\EOLICA\PARATEC_Peólica_14-08-2026.xlsx | B15: Peólica | C15: 6 | D15: 3 | E15: 2000 | F15: 33 | G15: 14 | H15: Arranque autónomo [Si/No] | I15: Nombre | Operador | Estado | Fecha de puesta en operación FPO | Modo de operación | Punto de conexión o barra del STR/STN | Tipo de proceso productivo | Unidades equivalentes eólica | Voltaje de conexión [kV] | Potencia nominal [MW] | Potencia máxima [MW] | Mínimo técnico [MW] | Capacidad efectiva neta [MW] | Arranque autónomo [Si/No] | Estatismo en frecuencia [%] | Estatismo en frecuencia mínimo [%] | Estatismo en frecuencia máximo [%] | Estatismo en tensión [%] | Banda muerta de operación [mHz] | Rango banda muerta de operación [mHz] | Capacidad de absorción [MVAr] | Capacidad de generación [MVAr] | Constante K | Tiempo de respuesta inicial del control rápido de corriente reactiva [ms] | Tiempo de respuesta inicial máximo-frecuencia [s] | Tiempo de establecimiento máximo-frecuencia [s] | Tiempo de respuesta inicial de tensión [s] | Tiempo de establecimiento de tensión [s] | Velocidad de toma de carga [MW/min] | Velocidad de descarga [MW/min] | Departamento | Municipio | Subárea | J15: No
A16: 01_Data\01_Raw\PARATEC\GENERACION\EOLICA\PARATEC_Peólica_14-08-2026.xlsx | B16: Peólica | C16: 6 | D16: 3 | E16: 2000 | F16: 33 | G16: 15 | H16: Estatismo en frecuencia [%] | I16: Nombre | Operador | Estado | Fecha de puesta en operación FPO | Modo de operación | Punto de conexión o barra del STR/STN | Tipo de proceso productivo | Unidades equivalentes eólica | Voltaje de conexión [kV] | Potencia nominal [MW] | Potencia máxima [MW] | Mínimo técnico [MW] | Capacidad efectiva neta [MW] | Arranque autónomo [Si/No] | Estatismo en frecuencia [%] | Estatismo en frecuencia mínimo [%] | Estatismo en frecuencia máximo [%] | Estatismo en tensión [%] | Banda muerta de operación [mHz] | Rango banda muerta de operación [mHz] | Capacidad de absorción [MVAr] | Capacidad de generación [MVAr] | Constante K | Tiempo de respuesta inicial del control rápido de corriente reactiva [ms] | Tiempo de respuesta inicial máximo-frecuencia [s] | Tiempo de establecimiento máximo-frecuencia [s] | Tiempo de respuesta inicial de tensión [s] | Tiempo de establecimiento de tensión [s] | Velocidad de toma de carga [MW/min] | Velocidad de descarga [MW/min] | Departamento | Municipio | Subárea | J16: 5
A17: 01_Data\01_Raw\PARATEC\GENERACION\EOLICA\PARATEC_Peólica_14-08-2026.xlsx | B17: Peólica | C17: 6 | D17: 3 | E17: 2000 | F17: 33 | G17: 16 | H17: Estatismo en frecuencia mínimo [%] | I17: Nombre | Operador | Estado | Fecha de puesta en operación FPO | Modo de operación | Punto de conexión o barra del STR/STN | Tipo de proceso productivo | Unidades equivalentes eólica | Voltaje de conexión [kV] | Potencia nominal [MW] | Potencia máxima [MW] | Mínimo técnico [MW] | Capacidad efectiva neta [MW] | Arranque autónomo [Si/No] | Estatismo en frecuencia [%] | Estatismo en frecuencia mínimo [%] | Estatismo en frecuencia máximo [%] | Estatismo en tensión [%] | Banda muerta de operación [mHz] | Rango banda muerta de operación [mHz] | Capacidad de absorción [MVAr] | Capacidad de generación [MVAr] | Constante K | Tiempo de respuesta inicial del control rápido de corriente reactiva [ms] | Tiempo de respuesta inicial máximo-frecuencia [s] | Tiempo de establecimiento máximo-frecuencia [s] | Tiempo de respuesta inicial de tensión [s] | Tiempo de establecimiento de tensión [s] | Velocidad de toma de carga [MW/min] | Velocidad de descarga [MW/min] | Departamento | Municipio | Subárea | J17: 2
A18: 01_Data\01_Raw\PARATEC\GENERACION\EOLICA\PARATEC_Peólica_14-08-2026.xlsx | B18: Peólica | C18: 6 | D18: 3 | E18: 2000 | F18: 33 | G18: 17 | H18: Estatismo en frecuencia máximo [%] | I18: Nombre | Operador | Estado | Fecha de puesta en operación FPO | Modo de operación | Punto de conexión o barra del STR/STN | Tipo de proceso productivo | Unidades equivalentes eólica | Voltaje de conexión [kV] | Potencia nominal [MW] | Potencia máxima [MW] | Mínimo técnico [MW] | Capacidad efectiva neta [MW] | Arranque autónomo [Si/No] | Estatismo en frecuencia [%] | Estatismo en frecuencia mínimo [%] | Estatismo en frecuencia máximo [%] | Estatismo en tensión [%] | Banda muerta de operación [mHz] | Rango banda muerta de operación [mHz] | Capacidad de absorción [MVAr] | Capacidad de generación [MVAr] | Constante K | Tiempo de respuesta inicial del control rápido de corriente reactiva [ms] | Tiempo de respuesta inicial máximo-frecuencia [s] | Tiempo de establecimiento máximo-frecuencia [s] | Tiempo de respuesta inicial de tensión [s] | Tiempo de establecimiento de tensión [s] | Velocidad de toma de carga [MW/min] | Velocidad de descarga [MW/min] | Departamento | Municipio | Subárea | J18: 6
A19: 01_Data\01_Raw\PARATEC\GENERACION\EOLICA\PARATEC_Peólica_14-08-2026.xlsx | B19: Peólica | C19: 6 | D19: 3 | E19: 2000 | F19: 33 | G19: 18 | H19: Estatismo en tensión [%] | I19: Nombre | Operador | Estado | Fecha de puesta en operación FPO | Modo de operación | Punto de conexión o barra del STR/STN | Tipo de proceso productivo | Unidades equivalentes eólica | Voltaje de conexión [kV] | Potencia nominal [MW] | Potencia máxima [MW] | Mínimo técnico [MW] | Capacidad efectiva neta [MW] | Arranque autónomo [Si/No] | Estatismo en frecuencia [%] | Estatismo en frecuencia mínimo [%] | Estatismo en frecuencia máximo [%] | Estatismo en tensión [%] | Banda muerta de operación [mHz] | Rango banda muerta de operación [mHz] | Capacidad de absorción [MVAr] | Capacidad de generación [MVAr] | Constante K | Tiempo de respuesta inicial del control rápido de corriente reactiva [ms] | Tiempo de respuesta inicial máximo-frecuencia [s] | Tiempo de establecimiento máximo-frecuencia [s] | Tiempo de respuesta inicial de tensión [s] | Tiempo de establecimiento de tensión [s] | Velocidad de toma de carga [MW/min] | Velocidad de descarga [MW/min] | Departamento | Municipio | Subárea | J19: 5
A20: 01_Data\01_Raw\PARATEC\GENERACION\EOLICA\PARATEC_Peólica_14-08-2026.xlsx | B20: Peólica | C20: 6 | D20: 3 | E20: 2000 | F20: 33 | G20: 19 | H20: Banda muerta de operación [mHz] | I20: Nombre | Operador | Estado | Fecha de puesta en operación FPO | Modo de operación | Punto de conexión o barra del STR/STN | Tipo de proceso productivo | Unidades equivalentes eólica | Voltaje de conexión [kV] | Potencia nominal [MW] | Potencia máxima [MW] | Mínimo técnico [MW] | Capacidad efectiva neta [MW] | Arranque autónomo [Si/No] | Estatismo en frecuencia [%] | Estatismo en frecuencia mínimo [%] | Estatismo en frecuencia máximo [%] | Estatismo en tensión [%] | Banda muerta de operación [mHz] | Rango banda muerta de operación [mHz] | Capacidad de absorción [MVAr] | Capacidad de generación [MVAr] | Constante K | Tiempo de respuesta inicial del control rápido de corriente reactiva [ms] | Tiempo de respuesta inicial máximo-frecuencia [s] | Tiempo de establecimiento máximo-frecuencia [s] | Tiempo de respuesta inicial de tensión [s] | Tiempo de establecimiento de tensión [s] | Velocidad de toma de carga [MW/min] | Velocidad de descarga [MW/min] | Departamento | Municipio | Subárea | J20: 30
A21: 01_Data\01_Raw\PARATEC\GENERACION\EOLICA\PARATEC_Peólica_14-08-2026.xlsx | B21: Peólica | C21: 6 | D21: 3 | E21: 2000 | F21: 33 | G21: 20 | H21: Rango banda muerta de operación [mHz] | I21: Nombre | Operador | Estado | Fecha de puesta en operación FPO | Modo de operación | Punto de conexión o barra del STR/STN | Tipo de proceso productivo | Unidades equivalentes eólica | Voltaje de conexión [kV] | Potencia nominal [MW] | Potencia máxima [MW] | Mínimo técnico [MW] | Capacidad efectiva neta [MW] | Arranque autónomo [Si/No] | Estatismo en frecuencia [%] | Estatismo en frecuencia mínimo [%] | Estatismo en frecuencia máximo [%] | Estatismo en tensión [%] | Banda muerta de operación [mHz] | Rango banda muerta de operación [mHz] | Capacidad de absorción [MVAr] | Capacidad de generación [MVAr] | Constante K | Tiempo de respuesta inicial del control rápido de corriente reactiva [ms] | Tiempo de respuesta inicial máximo-frecuencia [s] | Tiempo de establecimiento máximo-frecuencia [s] | Tiempo de respuesta inicial de tensión [s] | Tiempo de establecimiento de tensión [s] | Velocidad de toma de carga [MW/min] | Velocidad de descarga [MW/min] | Departamento | Municipio | Subárea | J21: 120
A22: 01_Data\01_Raw\PARATEC\GENERACION\EOLICA\PARATEC_Peólica_14-08-2026.xlsx | B22: Peólica | C22: 6 | D22: 3 | E22: 2000 | F22: 33 | G22: 21 | H22: Capacidad de absorción [MVAr] | I22: Nombre | Operador | Estado | Fecha de puesta en operación FPO | Modo de operación | Punto de conexión o barra del STR/STN | Tipo de proceso productivo | Unidades equivalentes eólica | Voltaje de conexión [kV] | Potencia nominal [MW] | Potencia máxima [MW] | Mínimo técnico [MW] | Capacidad efectiva neta [MW] | Arranque autónomo [Si/No] | Estatismo en frecuencia [%] | Estatismo en frecuencia mínimo [%] | Estatismo en frecuencia máximo [%] | Estatismo en tensión [%] | Banda muerta de operación [mHz] | Rango banda muerta de operación [mHz] | Capacidad de absorción [MVAr] | Capacidad de generación [MVAr] | Constante K | Tiempo de respuesta inicial del control rápido de corriente reactiva [ms] | Tiempo de respuesta inicial máximo-frecuencia [s] | Tiempo de establecimiento máximo-frecuencia [s] | Tiempo de respuesta inicial de tensión [s] | Tiempo de establecimiento de tensión [s] | Velocidad de toma de carga [MW/min] | Velocidad de descarga [MW/min] | Departamento | Municipio | Subárea | J22: 3,003 | K22: 6,6 | L22: 4,55
A23: 01_Data\01_Raw\PARATEC\GENERACION\EOLICA\PARATEC_Peólica_14-08-2026.xlsx | B23: Peólica | C23: 6 | D23: 3 | E23: 2000 | F23: 33 | G23: 22 | H23: Capacidad de generación [MVAr] | I23: Nombre | Operador | Estado | Fecha de puesta en operación FPO | Modo de operación | Punto de conexión o barra del STR/STN | Tipo de proceso productivo | Unidades equivalentes eólica | Voltaje de conexión [kV] | Potencia nominal [MW] | Potencia máxima [MW] | Mínimo técnico [MW] | Capacidad efectiva neta [MW] | Arranque autónomo [Si/No] | Estatismo en frecuencia [%] | Estatismo en frecuencia mínimo [%] | Estatismo en frecuencia máximo [%] | Estatismo en tensión [%] | Banda muerta de operación [mHz] | Rango banda muerta de operación [mHz] | Capacidad de absorción [MVAr] | Capacidad de generación [MVAr] | Constante K | Tiempo de respuesta inicial del control rápido de corriente reactiva [ms] | Tiempo de respuesta inicial máximo-frecuencia [s] | Tiempo de establecimiento máximo-frecuencia [s] | Tiempo de respuesta inicial de tensión [s] | Tiempo de establecimiento de tensión [s] | Velocidad de toma de carga [MW/min] | Velocidad de descarga [MW/min] | Departamento | Municipio | Subárea | J23: 3,003 | K23: 6,6 | L23: 4,55
A24: 01_Data\01_Raw\PARATEC\GENERACION\EOLICA\PARATEC_Peólica_14-08-2026.xlsx | B24: Peólica | C24: 6 | D24: 3 | E24: 2000 | F24: 33 | G24: 23 | H24: Constante K | I24: Nombre | Operador | Estado | Fecha de puesta en operación FPO | Modo de operación | Punto de conexión o barra del STR/STN | Tipo de proceso productivo | Unidades equivalentes eólica | Voltaje de conexión [kV] | Potencia nominal [MW] | Potencia máxima [MW] | Mínimo técnico [MW] | Capacidad efectiva neta [MW] | Arranque autónomo [Si/No] | Estatismo en frecuencia [%] | Estatismo en frecuencia mínimo [%] | Estatismo en frecuencia máximo [%] | Estatismo en tensión [%] | Banda muerta de operación [mHz] | Rango banda muerta de operación [mHz] | Capacidad de absorción [MVAr] | Capacidad de generación [MVAr] | Constante K | Tiempo de respuesta inicial del control rápido de corriente reactiva [ms] | Tiempo de respuesta inicial máximo-frecuencia [s] | Tiempo de establecimiento máximo-frecuencia [s] | Tiempo de respuesta inicial de tensión [s] | Tiempo de establecimiento de tensión [s] | Velocidad de toma de carga [MW/min] | Velocidad de descarga [MW/min] | Departamento | Municipio | Subárea | J24: 2 | K24: 4
A25: 01_Data\01_Raw\PARATEC\GENERACION\EOLICA\PARATEC_Peólica_14-08-2026.xlsx | B25: Peólica | C25: 6 | D25: 3 | E25: 2000 | F25: 33 | G25: 24 | H25: Tiempo de respuesta inicial del control rápido de corriente reactiva [ms] | I25: Nombre | Operador | Estado | Fecha de puesta en operación FPO | Modo de operación | Punto de conexión o barra del STR/STN | Tipo de proceso productivo | Unidades equivalentes eólica | Voltaje de conexión [kV] | Potencia nominal [MW] | Potencia máxima [MW] | Mínimo técnico [MW] | Capacidad efectiva neta [MW] | Arranque autónomo [Si/No] | Estatismo en frecuencia [%] | Estatismo en frecuencia mínimo [%] | Estatismo en frecuencia máximo [%] | Estatismo en tensión [%] | Banda muerta de operación [mHz] | Rango banda muerta de operación [mHz] | Capacidad de absorción [MVAr] | Capacidad de generación [MVAr] | Constante K | Tiempo de respuesta inicial del control rápido de corriente reactiva [ms] | Tiempo de respuesta inicial máximo-frecuencia [s] | Tiempo de establecimiento máximo-frecuencia [s] | Tiempo de respuesta inicial de tensión [s] | Tiempo de establecimiento de tensión [s] | Velocidad de toma de carga [MW/min] | Velocidad de descarga [MW/min] | Departamento | Municipio | Subárea | J25: 50
A26: 01_Data\01_Raw\PARATEC\GENERACION\EOLICA\PARATEC_Peólica_14-08-2026.xlsx | B26: Peólica | C26: 6 | D26: 3 | E26: 2000 | F26: 33 | G26: 25 | H26: Tiempo de respuesta inicial máximo-frecuencia [s] | I26: Nombre | Operador | Estado | Fecha de puesta en operación FPO | Modo de operación | Punto de conexión o barra del STR/STN | Tipo de proceso productivo | Unidades equivalentes eólica | Voltaje de conexión [kV] | Potencia nominal [MW] | Potencia máxima [MW] | Mínimo técnico [MW] | Capacidad efectiva neta [MW] | Arranque autónomo [Si/No] | Estatismo en frecuencia [%] | Estatismo en frecuencia mínimo [%] | Estatismo en frecuencia máximo [%] | Estatismo en tensión [%] | Banda muerta de operación [mHz] | Rango banda muerta de operación [mHz] | Capacidad de absorción [MVAr] | Capacidad de generación [MVAr] | Constante K | Tiempo de respuesta inicial del control rápido de corriente reactiva [ms] | Tiempo de respuesta inicial máximo-frecuencia [s] | Tiempo de establecimiento máximo-frecuencia [s] | Tiempo de respuesta inicial de tensión [s] | Tiempo de establecimiento de tensión [s] | Velocidad de toma de carga [MW/min] | Velocidad de descarga [MW/min] | Departamento | Municipio | Subárea | J26: 2
A27: 01_Data\01_Raw\PARATEC\GENERACION\EOLICA\PARATEC_Peólica_14-08-2026.xlsx | B27: Peólica | C27: 6 | D27: 3 | E27: 2000 | F27: 33 | G27: 26 | H27: Tiempo de establecimiento máximo-frecuencia [s] | I27: Nombre | Operador | Estado | Fecha de puesta en operación FPO | Modo de operación | Punto de conexión o barra del STR/STN | Tipo de proceso productivo | Unidades equivalentes eólica | Voltaje de conexión [kV] | Potencia nominal [MW] | Potencia máxima [MW] | Mínimo técnico [MW] | Capacidad efectiva neta [MW] | Arranque autónomo [Si/No] | Estatismo en frecuencia [%] | Estatismo en frecuencia mínimo [%] | Estatismo en frecuencia máximo [%] | Estatismo en tensión [%] | Banda muerta de operación [mHz] | Rango banda muerta de operación [mHz] | Capacidad de absorción [MVAr] | Capacidad de generación [MVAr] | Constante K | Tiempo de respuesta inicial del control rápido de corriente reactiva [ms] | Tiempo de respuesta inicial máximo-frecuencia [s] | Tiempo de establecimiento máximo-frecuencia [s] | Tiempo de respuesta inicial de tensión [s] | Tiempo de establecimiento de tensión [s] | Velocidad de toma de carga [MW/min] | Velocidad de descarga [MW/min] | Departamento | Municipio | Subárea | J27: 15
A28: 01_Data\01_Raw\PARATEC\GENERACION\EOLICA\PARATEC_Peólica_14-08-2026.xlsx | B28: Peólica | C28: 6 | D28: 3 | E28: 2000 | F28: 33 | G28: 27 | H28: Tiempo de respuesta inicial de tensión [s] | I28: Nombre | Operador | Estado | Fecha de puesta en operación FPO | Modo de operación | Punto de conexión o barra del STR/STN | Tipo de proceso productivo | Unidades equivalentes eólica | Voltaje de conexión [kV] | Potencia nominal [MW] | Potencia máxima [MW] | Mínimo técnico [MW] | Capacidad efectiva neta [MW] | Arranque autónomo [Si/No] | Estatismo en frecuencia [%] | Estatismo en frecuencia mínimo [%] | Estatismo en frecuencia máximo [%] | Estatismo en tensión [%] | Banda muerta de operación [mHz] | Rango banda muerta de operación [mHz] | Capacidad de absorción [MVAr] | Capacidad de generación [MVAr] | Constante K | Tiempo de respuesta inicial del control rápido de corriente reactiva [ms] | Tiempo de respuesta inicial máximo-frecuencia [s] | Tiempo de establecimiento máximo-frecuencia [s] | Tiempo de respuesta inicial de tensión [s] | Tiempo de establecimiento de tensión [s] | Velocidad de toma de carga [MW/min] | Velocidad de descarga [MW/min] | Departamento | Municipio | Subárea | J28: 2
A29: 01_Data\01_Raw\PARATEC\GENERACION\EOLICA\PARATEC_Peólica_14-08-2026.xlsx | B29: Peólica | C29: 6 | D29: 3 | E29: 2000 | F29: 33 | G29: 28 | H29: Tiempo de establecimiento de tensión [s] | I29: Nombre | Operador | Estado | Fecha de puesta en operación FPO | Modo de operación | Punto de conexión o barra del STR/STN | Tipo de proceso productivo | Unidades equivalentes eólica | Voltaje de conexión [kV] | Potencia nominal [MW] | Potencia máxima [MW] | Mínimo técnico [MW] | Capacidad efectiva neta [MW] | Arranque autónomo [Si/No] | Estatismo en frecuencia [%] | Estatismo en frecuencia mínimo [%] | Estatismo en frecuencia máximo [%] | Estatismo en tensión [%] | Banda muerta de operación [mHz] | Rango banda muerta de operación [mHz] | Capacidad de absorción [MVAr] | Capacidad de generación [MVAr] | Constante K | Tiempo de respuesta inicial del control rápido de corriente reactiva [ms] | Tiempo de respuesta inicial máximo-frecuencia [s] | Tiempo de establecimiento máximo-frecuencia [s] | Tiempo de respuesta inicial de tensión [s] | Tiempo de establecimiento de tensión [s] | Velocidad de toma de carga [MW/min] | Velocidad de descarga [MW/min] | Departamento | Municipio | Subárea | J29: 10 | K29: 5
A30: 01_Data\01_Raw\PARATEC\GENERACION\EOLICA\PARATEC_Peólica_14-08-2026.xlsx | B30: Peólica | C30: 6 | D30: 3 | E30: 2000 | F30: 33 | G30: 29 | H30: Velocidad de toma de carga [MW/min] | I30: Nombre | Operador | Estado | Fecha de puesta en operación FPO | Modo de operación | Punto de conexión o barra del STR/STN | Tipo de proceso productivo | Unidades equivalentes eólica | Voltaje de conexión [kV] | Potencia nominal [MW] | Potencia máxima [MW] | Mínimo técnico [MW] | Capacidad efectiva neta [MW] | Arranque autónomo [Si/No] | Estatismo en frecuencia [%] | Estatismo en frecuencia mínimo [%] | Estatismo en frecuencia máximo [%] | Estatismo en tensión [%] | Banda muerta de operación [mHz] | Rango banda muerta de operación [mHz] | Capacidad de absorción [MVAr] | Capacidad de generación [MVAr] | Constante K | Tiempo de respuesta inicial del control rápido de corriente reactiva [ms] | Tiempo de respuesta inicial máximo-frecuencia [s] | Tiempo de establecimiento máximo-frecuencia [s] | Tiempo de respuesta inicial de tensión [s] | Tiempo de establecimiento de tensión [s] | Velocidad de toma de carga [MW/min] | Velocidad de descarga [MW/min] | Departamento | Municipio | Subárea | J30: 1,27 | K30: 12 | L30: 1,38
A31: 01_Data\01_Raw\PARATEC\GENERACION\EOLICA\PARATEC_Peólica_14-08-2026.xlsx | B31: Peólica | C31: 6 | D31: 3 | E31: 2000 | F31: 33 | G31: 30 | H31: Velocidad de descarga [MW/min] | I31: Nombre | Operador | Estado | Fecha de puesta en operación FPO | Modo de operación | Punto de conexión o barra del STR/STN | Tipo de proceso productivo | Unidades equivalentes eólica | Voltaje de conexión [kV] | Potencia nominal [MW] | Potencia máxima [MW] | Mínimo técnico [MW] | Capacidad efectiva neta [MW] | Arranque autónomo [Si/No] | Estatismo en frecuencia [%] | Estatismo en frecuencia mínimo [%] | Estatismo en frecuencia máximo [%] | Estatismo en tensión [%] | Banda muerta de operación [mHz] | Rango banda muerta de operación [mHz] | Capacidad de absorción [MVAr] | Capacidad de generación [MVAr] | Constante K | Tiempo de respuesta inicial del control rápido de corriente reactiva [ms] | Tiempo de respuesta inicial máximo-frecuencia [s] | Tiempo de establecimiento máximo-frecuencia [s] | Tiempo de respuesta inicial de tensión [s] | Tiempo de establecimiento de tensión [s] | Velocidad de toma de carga [MW/min] | Velocidad de descarga [MW/min] | Departamento | Municipio | Subárea | J31: 1,27 | K31: 12 | L31: 1,38
A32: 01_Data\01_Raw\PARATEC\GENERACION\EOLICA\PARATEC_Peólica_14-08-2026.xlsx | B32: Peólica | C32: 6 | D32: 3 | E32: 2000 | F32: 33 | G32: 31 | H32: Departamento | I32: Nombre | Operador | Estado | Fecha de puesta en operación FPO | Modo de operación | Punto de conexión o barra del STR/STN | Tipo de proceso productivo | Unidades equivalentes eólica | Voltaje de conexión [kV] | Potencia nominal [MW] | Potencia máxima [MW] | Mínimo técnico [MW] | Capacidad efectiva neta [MW] | Arranque autónomo [Si/No] | Estatismo en frecuencia [%] | Estatismo en frecuencia mínimo [%] | Estatismo en frecuencia máximo [%] | Estatismo en tensión [%] | Banda muerta de operación [mHz] | Rango banda muerta de operación [mHz] | Capacidad de absorción [MVAr] | Capacidad de generación [MVAr] | Constante K | Tiempo de respuesta inicial del control rápido de corriente reactiva [ms] | Tiempo de respuesta inicial máximo-frecuencia [s] | Tiempo de establecimiento máximo-frecuencia [s] | Tiempo de respuesta inicial de tensión [s] | Tiempo de establecimiento de tensión [s] | Velocidad de toma de carga [MW/min] | Velocidad de descarga [MW/min] | Departamento | Municipio | Subárea | J32: ATLÁNTICO | K32: LA GUAJIRA
A33: 01_Data\01_Raw\PARATEC\GENERACION\EOLICA\PARATEC_Peólica_14-08-2026.xlsx | B33: Peólica | C33: 6 | D33: 3 | E33: 2000 | F33: 33 | G33: 32 | H33: Municipio | I33: Nombre | Operador | Estado | Fecha de puesta en operación FPO | Modo de operación | Punto de conexión o barra del STR/STN | Tipo de proceso productivo | Unidades equivalentes eólica | Voltaje de conexión [kV] | Potencia nominal [MW] | Potencia máxima [MW] | Mínimo técnico [MW] | Capacidad efectiva neta [MW] | Arranque autónomo [Si/No] | Estatismo en frecuencia [%] | Estatismo en frecuencia mínimo [%] | Estatismo en frecuencia máximo [%] | Estatismo en tensión [%] | Banda muerta de operación [mHz] | Rango banda muerta de operación [mHz] | Capacidad de absorción [MVAr] | Capacidad de generación [MVAr] | Constante K | Tiempo de respuesta inicial del control rápido de corriente reactiva [ms] | Tiempo de respuesta inicial máximo-frecuencia [s] | Tiempo de establecimiento máximo-frecuencia [s] | Tiempo de respuesta inicial de tensión [s] | Tiempo de establecimiento de tensión [s] | Velocidad de toma de carga [MW/min] | Velocidad de descarga [MW/min] | Departamento | Municipio | Subárea | J33: JUAN DE ACOSTA | K33: URIBIA
A34: 01_Data\01_Raw\PARATEC\GENERACION\EOLICA\PARATEC_Peólica_14-08-2026.xlsx | B34: Peólica | C34: 6 | D34: 3 | E34: 2000 | F34: 33 | G34: 33 | H34: Subárea | I34: Nombre | Operador | Estado | Fecha de puesta en operación FPO | Modo de operación | Punto de conexión o barra del STR/STN | Tipo de proceso productivo | Unidades equivalentes eólica | Voltaje de conexión [kV] | Potencia nominal [MW] | Potencia máxima [MW] | Mínimo técnico [MW] | Capacidad efectiva neta [MW] | Arranque autónomo [Si/No] | Estatismo en frecuencia [%] | Estatismo en frecuencia mínimo [%] | Estatismo en frecuencia máximo [%] | Estatismo en tensión [%] | Banda muerta de operación [mHz] | Rango banda muerta de operación [mHz] | Capacidad de absorción [MVAr] | Capacidad de generación [MVAr] | Constante K | Tiempo de respuesta inicial del control rápido de corriente reactiva [ms] | Tiempo de respuesta inicial máximo-frecuencia [s] | Tiempo de establecimiento máximo-frecuencia [s] | Tiempo de respuesta inicial de tensión [s] | Tiempo de establecimiento de tensión [s] | Velocidad de toma de carga [MW/min] | Velocidad de descarga [MW/min] | Departamento | Municipio | Subárea | J34: SubArea Atlantico | K34: SubArea GCM
A35: 01_Data\01_Raw\PARATEC\GENERACION\EOLICA\PARATEC_Ueólica_14-08-2026.xlsx | B35: Ueólica | C35: 6 | D35: 3 | E35: 2000 | F35: 35 | G35: 1 | H35: Nombre | I35: Nombre | Operador | Estado | Fecha de puesta en operación FPO | Modo de operación | Punto de conexión | Planta eólica | Voltaje de conexión [kV] | Voltaje máximo [kV] | Voltaje mínimo [kV] | Voltaje nominal [kV] | Frecuencia máxima [Hz] | Frecuencia mínima [Hz] | Número inversores | Impedancia equivalente [Ω] | Potencia de la unidad equivalente [MW] | Tipo de aerogenerador | Altura de buje [m] | Fabricante | Temperatura máxima de operación [°C] | Temperatura mínima de operación [°C] | Modelo | Potencia nominal del inversor AC (Pnom - AC) [MW] | Modelo del inversor | Factor de eficiencia inversor [%] | Coeficiente de derrateo capacidad nominal del inversor por altura [p.u.] | Nivel de corriente de cortocircuito subtransitorio pico [kAp] | Nivel de corriente de cortocircuito subtransitorio para fallas 3F [kA] | Nivel de corriente de cortocircuito subtransitorio para fallas 2F [kA] | Nivel de corriente de cortocircuito subtransitorio para fallas 1F [kA] | Nivel de cortocircuito en estado estable [kA] | Nivel de corriente de cortocircuito de secuencia negativa [kA] | Departamento | Municipio | Subárea | J35: PARQUE EOLICO CARRETO 1 | K35: PARQUE EOLICO GUAJIRA I 1 | L35: PARQUE EOLICO WESP01 1
A36: 01_Data\01_Raw\PARATEC\GENERACION\EOLICA\PARATEC_Ueólica_14-08-2026.xlsx | B36: Ueólica | C36: 6 | D36: 3 | E36: 2000 | F36: 35 | G36: 2 | H36: Operador | I36: Nombre | Operador | Estado | Fecha de puesta en operación FPO | Modo de operación | Punto de conexión | Planta eólica | Voltaje de conexión [kV] | Voltaje máximo [kV] | Voltaje mínimo [kV] | Voltaje nominal [kV] | Frecuencia máxima [Hz] | Frecuencia mínima [Hz] | Número inversores | Impedancia equivalente [Ω] | Potencia de la unidad equivalente [MW] | Tipo de aerogenerador | Altura de buje [m] | Fabricante | Temperatura máxima de operación [°C] | Temperatura mínima de operación [°C] | Modelo | Potencia nominal del inversor AC (Pnom - AC) [MW] | Modelo del inversor | Factor de eficiencia inversor [%] | Coeficiente de derrateo capacidad nominal del inversor por altura [p.u.] | Nivel de corriente de cortocircuito subtransitorio pico [kAp] | Nivel de corriente de cortocircuito subtransitorio para fallas 3F [kA] | Nivel de corriente de cortocircuito subtransitorio para fallas 2F [kA] | Nivel de corriente de cortocircuito subtransitorio para fallas 1F [kA] | Nivel de cortocircuito en estado estable [kA] | Nivel de corriente de cortocircuito de secuencia negativa [kA] | Departamento | Municipio | Subárea | J36: CELSIA COLOMBIA S.A. E.S.P. | K36: ISAGEN S.A. E.S.P.
A37: 01_Data\01_Raw\PARATEC\GENERACION\EOLICA\PARATEC_Ueólica_14-08-2026.xlsx | B37: Ueólica | C37: 6 | D37: 3 | E37: 2000 | F37: 35 | G37: 3 | H37: Estado | I37: Nombre | Operador | Estado | Fecha de puesta en operación FPO | Modo de operación | Punto de conexión | Planta eólica | Voltaje de conexión [kV] | Voltaje máximo [kV] | Voltaje mínimo [kV] | Voltaje nominal [kV] | Frecuencia máxima [Hz] | Frecuencia mínima [Hz] | Número inversores | Impedancia equivalente [Ω] | Potencia de la unidad equivalente [MW] | Tipo de aerogenerador | Altura de buje [m] | Fabricante | Temperatura máxima de operación [°C] | Temperatura mínima de operación [°C] | Modelo | Potencia nominal del inversor AC (Pnom - AC) [MW] | Modelo del inversor | Factor de eficiencia inversor [%] | Coeficiente de derrateo capacidad nominal del inversor por altura [p.u.] | Nivel de corriente de cortocircuito subtransitorio pico [kAp] | Nivel de corriente de cortocircuito subtransitorio para fallas 3F [kA] | Nivel de corriente de cortocircuito subtransitorio para fallas 2F [kA] | Nivel de corriente de cortocircuito subtransitorio para fallas 1F [kA] | Nivel de cortocircuito en estado estable [kA] | Nivel de corriente de cortocircuito de secuencia negativa [kA] | Departamento | Municipio | Subárea | J37: Pruebas
A38: 01_Data\01_Raw\PARATEC\GENERACION\EOLICA\PARATEC_Ueólica_14-08-2026.xlsx | B38: Ueólica | C38: 6 | D38: 3 | E38: 2000 | F38: 35 | G38: 4 | H38: Fecha de puesta en operación FPO | I38: Nombre | Operador | Estado | Fecha de puesta en operación FPO | Modo de operación | Punto de conexión | Planta eólica | Voltaje de conexión [kV] | Voltaje máximo [kV] | Voltaje mínimo [kV] | Voltaje nominal [kV] | Frecuencia máxima [Hz] | Frecuencia mínima [Hz] | Número inversores | Impedancia equivalente [Ω] | Potencia de la unidad equivalente [MW] | Tipo de aerogenerador | Altura de buje [m] | Fabricante | Temperatura máxima de operación [°C] | Temperatura mínima de operación [°C] | Modelo | Potencia nominal del inversor AC (Pnom - AC) [MW] | Modelo del inversor | Factor de eficiencia inversor [%] | Coeficiente de derrateo capacidad nominal del inversor por altura [p.u.] | Nivel de corriente de cortocircuito subtransitorio pico [kAp] | Nivel de corriente de cortocircuito subtransitorio para fallas 3F [kA] | Nivel de corriente de cortocircuito subtransitorio para fallas 2F [kA] | Nivel de corriente de cortocircuito subtransitorio para fallas 1F [kA] | Nivel de cortocircuito en estado estable [kA] | Nivel de corriente de cortocircuito de secuencia negativa [kA] | Departamento | Municipio | Subárea | J38: -
A39: 01_Data\01_Raw\PARATEC\GENERACION\EOLICA\PARATEC_Ueólica_14-08-2026.xlsx | B39: Ueólica | C39: 6 | D39: 3 | E39: 2000 | F39: 35 | G39: 5 | H39: Modo de operación | I39: Nombre | Operador | Estado | Fecha de puesta en operación FPO | Modo de operación | Punto de conexión | Planta eólica | Voltaje de conexión [kV] | Voltaje máximo [kV] | Voltaje mínimo [kV] | Voltaje nominal [kV] | Frecuencia máxima [Hz] | Frecuencia mínima [Hz] | Número inversores | Impedancia equivalente [Ω] | Potencia de la unidad equivalente [MW] | Tipo de aerogenerador | Altura de buje [m] | Fabricante | Temperatura máxima de operación [°C] | Temperatura mínima de operación [°C] | Modelo | Potencia nominal del inversor AC (Pnom - AC) [MW] | Modelo del inversor | Factor de eficiencia inversor [%] | Coeficiente de derrateo capacidad nominal del inversor por altura [p.u.] | Nivel de corriente de cortocircuito subtransitorio pico [kAp] | Nivel de corriente de cortocircuito subtransitorio para fallas 3F [kA] | Nivel de corriente de cortocircuito subtransitorio para fallas 2F [kA] | Nivel de corriente de cortocircuito subtransitorio para fallas 1F [kA] | Nivel de cortocircuito en estado estable [kA] | Nivel de corriente de cortocircuito de secuencia negativa [kA] | Departamento | Municipio | Subárea | J39: No Despachada Centralmente
A40: 01_Data\01_Raw\PARATEC\GENERACION\EOLICA\PARATEC_Ueólica_14-08-2026.xlsx | B40: Ueólica | C40: 6 | D40: 3 | E40: 2000 | F40: 35 | G40: 6 | H40: Punto de conexión | I40: Nombre | Operador | Estado | Fecha de puesta en operación FPO | Modo de operación | Punto de conexión | Planta eólica | Voltaje de conexión [kV] | Voltaje máximo [kV] | Voltaje mínimo [kV] | Voltaje nominal [kV] | Frecuencia máxima [Hz] | Frecuencia mínima [Hz] | Número inversores | Impedancia equivalente [Ω] | Potencia de la unidad equivalente [MW] | Tipo de aerogenerador | Altura de buje [m] | Fabricante | Temperatura máxima de operación [°C] | Temperatura mínima de operación [°C] | Modelo | Potencia nominal del inversor AC (Pnom - AC) [MW] | Modelo del inversor | Factor de eficiencia inversor [%] | Coeficiente de derrateo capacidad nominal del inversor por altura [p.u.] | Nivel de corriente de cortocircuito subtransitorio pico [kAp] | Nivel de corriente de cortocircuito subtransitorio para fallas 3F [kA] | Nivel de corriente de cortocircuito subtransitorio para fallas 2F [kA] | Nivel de corriente de cortocircuito subtransitorio para fallas 1F [kA] | Nivel de cortocircuito en estado estable [kA] | Nivel de corriente de cortocircuito de secuencia negativa [kA] | Departamento | Municipio | Subárea | J40: BARANOA 34.5 kV | K40: CUESTECITAS 110 kV | L40: JOUKTAI 110 kV
A41: 01_Data\01_Raw\PARATEC\GENERACION\EOLICA\PARATEC_Ueólica_14-08-2026.xlsx | B41: Ueólica | C41: 6 | D41: 3 | E41: 2000 | F41: 35 | G41: 7 | H41: Planta eólica | I41: Nombre | Operador | Estado | Fecha de puesta en operación FPO | Modo de operación | Punto de conexión | Planta eólica | Voltaje de conexión [kV] | Voltaje máximo [kV] | Voltaje mínimo [kV] | Voltaje nominal [kV] | Frecuencia máxima [Hz] | Frecuencia mínima [Hz] | Número inversores | Impedancia equivalente [Ω] | Potencia de la unidad equivalente [MW] | Tipo de aerogenerador | Altura de buje [m] | Fabricante | Temperatura máxima de operación [°C] | Temperatura mínima de operación [°C] | Modelo | Potencia nominal del inversor AC (Pnom - AC) [MW] | Modelo del inversor | Factor de eficiencia inversor [%] | Coeficiente de derrateo capacidad nominal del inversor por altura [p.u.] | Nivel de corriente de cortocircuito subtransitorio pico [kAp] | Nivel de corriente de cortocircuito subtransitorio para fallas 3F [kA] | Nivel de corriente de cortocircuito subtransitorio para fallas 2F [kA] | Nivel de corriente de cortocircuito subtransitorio para fallas 1F [kA] | Nivel de cortocircuito en estado estable [kA] | Nivel de corriente de cortocircuito de secuencia negativa [kA] | Departamento | Municipio | Subárea | J41: - | K41: PARQUE EOLICO WESP01
A42: 01_Data\01_Raw\PARATEC\GENERACION\EOLICA\PARATEC_Ueólica_14-08-2026.xlsx | B42: Ueólica | C42: 6 | D42: 3 | E42: 2000 | F42: 35 | G42: 8 | H42: Voltaje de conexión [kV] | I42: Nombre | Operador | Estado | Fecha de puesta en operación FPO | Modo de operación | Punto de conexión | Planta eólica | Voltaje de conexión [kV] | Voltaje máximo [kV] | Voltaje mínimo [kV] | Voltaje nominal [kV] | Frecuencia máxima [Hz] | Frecuencia mínima [Hz] | Número inversores | Impedancia equivalente [Ω] | Potencia de la unidad equivalente [MW] | Tipo de aerogenerador | Altura de buje [m] | Fabricante | Temperatura máxima de operación [°C] | Temperatura mínima de operación [°C] | Modelo | Potencia nominal del inversor AC (Pnom - AC) [MW] | Modelo del inversor | Factor de eficiencia inversor [%] | Coeficiente de derrateo capacidad nominal del inversor por altura [p.u.] | Nivel de corriente de cortocircuito subtransitorio pico [kAp] | Nivel de corriente de cortocircuito subtransitorio para fallas 3F [kA] | Nivel de corriente de cortocircuito subtransitorio para fallas 2F [kA] | Nivel de corriente de cortocircuito subtransitorio para fallas 1F [kA] | Nivel de cortocircuito en estado estable [kA] | Nivel de corriente de cortocircuito de secuencia negativa [kA] | Departamento | Municipio | Subárea | J42: 34,5 | K42: 110
A43: 01_Data\01_Raw\PARATEC\GENERACION\EOLICA\PARATEC_Ueólica_14-08-2026.xlsx | B43: Ueólica | C43: 6 | D43: 3 | E43: 2000 | F43: 35 | G43: 9 | H43: Voltaje máximo [kV] | I43: Nombre | Operador | Estado | Fecha de puesta en operación FPO | Modo de operación | Punto de conexión | Planta eólica | Voltaje de conexión [kV] | Voltaje máximo [kV] | Voltaje mínimo [kV] | Voltaje nominal [kV] | Frecuencia máxima [Hz] | Frecuencia mínima [Hz] | Número inversores | Impedancia equivalente [Ω] | Potencia de la unidad equivalente [MW] | Tipo de aerogenerador | Altura de buje [m] | Fabricante | Temperatura máxima de operación [°C] | Temperatura mínima de operación [°C] | Modelo | Potencia nominal del inversor AC (Pnom - AC) [MW] | Modelo del inversor | Factor de eficiencia inversor [%] | Coeficiente de derrateo capacidad nominal del inversor por altura [p.u.] | Nivel de corriente de cortocircuito subtransitorio pico [kAp] | Nivel de corriente de cortocircuito subtransitorio para fallas 3F [kA] | Nivel de corriente de cortocircuito subtransitorio para fallas 2F [kA] | Nivel de corriente de cortocircuito subtransitorio para fallas 1F [kA] | Nivel de cortocircuito en estado estable [kA] | Nivel de corriente de cortocircuito de secuencia negativa [kA] | Departamento | Municipio | Subárea | J43: 0,79 | K43: 37,95 | L43: 41,4
A44: 01_Data\01_Raw\PARATEC\GENERACION\EOLICA\PARATEC_Ueólica_14-08-2026.xlsx | B44: Ueólica | C44: 6 | D44: 3 | E44: 2000 | F44: 35 | G44: 10 | H44: Voltaje mínimo [kV] | I44: Nombre | Operador | Estado | Fecha de puesta en operación FPO | Modo de operación | Punto de conexión | Planta eólica | Voltaje de conexión [kV] | Voltaje máximo [kV] | Voltaje mínimo [kV] | Voltaje nominal [kV] | Frecuencia máxima [Hz] | Frecuencia mínima [Hz] | Número inversores | Impedancia equivalente [Ω] | Potencia de la unidad equivalente [MW] | Tipo de aerogenerador | Altura de buje [m] | Fabricante | Temperatura máxima de operación [°C] | Temperatura mínima de operación [°C] | Modelo | Potencia nominal del inversor AC (Pnom - AC) [MW] | Modelo del inversor | Factor de eficiencia inversor [%] | Coeficiente de derrateo capacidad nominal del inversor por altura [p.u.] | Nivel de corriente de cortocircuito subtransitorio pico [kAp] | Nivel de corriente de cortocircuito subtransitorio para fallas 3F [kA] | Nivel de corriente de cortocircuito subtransitorio para fallas 2F [kA] | Nivel de corriente de cortocircuito subtransitorio para fallas 1F [kA] | Nivel de cortocircuito en estado estable [kA] | Nivel de corriente de cortocircuito de secuencia negativa [kA] | Departamento | Municipio | Subárea | J44: 0,58 | K44: 31,05 | L44: 27,6
A45: 01_Data\01_Raw\PARATEC\GENERACION\EOLICA\PARATEC_Ueólica_14-08-2026.xlsx | B45: Ueólica | C45: 6 | D45: 3 | E45: 2000 | F45: 35 | G45: 11 | H45: Voltaje nominal [kV] | I45: Nombre | Operador | Estado | Fecha de puesta en operación FPO | Modo de operación | Punto de conexión | Planta eólica | Voltaje de conexión [kV] | Voltaje máximo [kV] | Voltaje mínimo [kV] | Voltaje nominal [kV] | Frecuencia máxima [Hz] | Frecuencia mínima [Hz] | Número inversores | Impedancia equivalente [Ω] | Potencia de la unidad equivalente [MW] | Tipo de aerogenerador | Altura de buje [m] | Fabricante | Temperatura máxima de operación [°C] | Temperatura mínima de operación [°C] | Modelo | Potencia nominal del inversor AC (Pnom - AC) [MW] | Modelo del inversor | Factor de eficiencia inversor [%] | Coeficiente de derrateo capacidad nominal del inversor por altura [p.u.] | Nivel de corriente de cortocircuito subtransitorio pico [kAp] | Nivel de corriente de cortocircuito subtransitorio para fallas 3F [kA] | Nivel de corriente de cortocircuito subtransitorio para fallas 2F [kA] | Nivel de corriente de cortocircuito subtransitorio para fallas 1F [kA] | Nivel de cortocircuito en estado estable [kA] | Nivel de corriente de cortocircuito de secuencia negativa [kA] | Departamento | Municipio | Subárea | J45: 0,69 | K45: 34,5
A46: 01_Data\01_Raw\PARATEC\GENERACION\EOLICA\PARATEC_Ueólica_14-08-2026.xlsx | B46: Ueólica | C46: 6 | D46: 3 | E46: 2000 | F46: 35 | G46: 12 | H46: Frecuencia máxima [Hz] | I46: Nombre | Operador | Estado | Fecha de puesta en operación FPO | Modo de operación | Punto de conexión | Planta eólica | Voltaje de conexión [kV] | Voltaje máximo [kV] | Voltaje mínimo [kV] | Voltaje nominal [kV] | Frecuencia máxima [Hz] | Frecuencia mínima [Hz] | Número inversores | Impedancia equivalente [Ω] | Potencia de la unidad equivalente [MW] | Tipo de aerogenerador | Altura de buje [m] | Fabricante | Temperatura máxima de operación [°C] | Temperatura mínima de operación [°C] | Modelo | Potencia nominal del inversor AC (Pnom - AC) [MW] | Modelo del inversor | Factor de eficiencia inversor [%] | Coeficiente de derrateo capacidad nominal del inversor por altura [p.u.] | Nivel de corriente de cortocircuito subtransitorio pico [kAp] | Nivel de corriente de cortocircuito subtransitorio para fallas 3F [kA] | Nivel de corriente de cortocircuito subtransitorio para fallas 2F [kA] | Nivel de corriente de cortocircuito subtransitorio para fallas 1F [kA] | Nivel de cortocircuito en estado estable [kA] | Nivel de corriente de cortocircuito de secuencia negativa [kA] | Departamento | Municipio | Subárea | J46: 63 | K46: 63,6
A47: 01_Data\01_Raw\PARATEC\GENERACION\EOLICA\PARATEC_Ueólica_14-08-2026.xlsx | B47: Ueólica | C47: 6 | D47: 3 | E47: 2000 | F47: 35 | G47: 13 | H47: Frecuencia mínima [Hz] | I47: Nombre | Operador | Estado | Fecha de puesta en operación FPO | Modo de operación | Punto de conexión | Planta eólica | Voltaje de conexión [kV] | Voltaje máximo [kV] | Voltaje mínimo [kV] | Voltaje nominal [kV] | Frecuencia máxima [Hz] | Frecuencia mínima [Hz] | Número inversores | Impedancia equivalente [Ω] | Potencia de la unidad equivalente [MW] | Tipo de aerogenerador | Altura de buje [m] | Fabricante | Temperatura máxima de operación [°C] | Temperatura mínima de operación [°C] | Modelo | Potencia nominal del inversor AC (Pnom - AC) [MW] | Modelo del inversor | Factor de eficiencia inversor [%] | Coeficiente de derrateo capacidad nominal del inversor por altura [p.u.] | Nivel de corriente de cortocircuito subtransitorio pico [kAp] | Nivel de corriente de cortocircuito subtransitorio para fallas 3F [kA] | Nivel de corriente de cortocircuito subtransitorio para fallas 2F [kA] | Nivel de corriente de cortocircuito subtransitorio para fallas 1F [kA] | Nivel de cortocircuito en estado estable [kA] | Nivel de corriente de cortocircuito de secuencia negativa [kA] | Departamento | Municipio | Subárea | J47: 57 | K47: 57,5
A48: 01_Data\01_Raw\PARATEC\GENERACION\EOLICA\PARATEC_Ueólica_14-08-2026.xlsx | B48: Ueólica | C48: 6 | D48: 3 | E48: 2000 | F48: 35 | G48: 14 | H48: Número inversores | I48: Nombre | Operador | Estado | Fecha de puesta en operación FPO | Modo de operación | Punto de conexión | Planta eólica | Voltaje de conexión [kV] | Voltaje máximo [kV] | Voltaje mínimo [kV] | Voltaje nominal [kV] | Frecuencia máxima [Hz] | Frecuencia mínima [Hz] | Número inversores | Impedancia equivalente [Ω] | Potencia de la unidad equivalente [MW] | Tipo de aerogenerador | Altura de buje [m] | Fabricante | Temperatura máxima de operación [°C] | Temperatura mínima de operación [°C] | Modelo | Potencia nominal del inversor AC (Pnom - AC) [MW] | Modelo del inversor | Factor de eficiencia inversor [%] | Coeficiente de derrateo capacidad nominal del inversor por altura [p.u.] | Nivel de corriente de cortocircuito subtransitorio pico [kAp] | Nivel de corriente de cortocircuito subtransitorio para fallas 3F [kA] | Nivel de corriente de cortocircuito subtransitorio para fallas 2F [kA] | Nivel de corriente de cortocircuito subtransitorio para fallas 1F [kA] | Nivel de cortocircuito en estado estable [kA] | Nivel de corriente de cortocircuito de secuencia negativa [kA] | Departamento | Municipio | Subárea | J48: 2 | K48: 10 | L48: 4
A49: 01_Data\01_Raw\PARATEC\GENERACION\EOLICA\PARATEC_Ueólica_14-08-2026.xlsx | B49: Ueólica | C49: 6 | D49: 3 | E49: 2000 | F49: 35 | G49: 15 | H49: Impedancia equivalente [Ω] | I49: Nombre | Operador | Estado | Fecha de puesta en operación FPO | Modo de operación | Punto de conexión | Planta eólica | Voltaje de conexión [kV] | Voltaje máximo [kV] | Voltaje mínimo [kV] | Voltaje nominal [kV] | Frecuencia máxima [Hz] | Frecuencia mínima [Hz] | Número inversores | Impedancia equivalente [Ω] | Potencia de la unidad equivalente [MW] | Tipo de aerogenerador | Altura de buje [m] | Fabricante | Temperatura máxima de operación [°C] | Temperatura mínima de operación [°C] | Modelo | Potencia nominal del inversor AC (Pnom - AC) [MW] | Modelo del inversor | Factor de eficiencia inversor [%] | Coeficiente de derrateo capacidad nominal del inversor por altura [p.u.] | Nivel de corriente de cortocircuito subtransitorio pico [kAp] | Nivel de corriente de cortocircuito subtransitorio para fallas 3F [kA] | Nivel de corriente de cortocircuito subtransitorio para fallas 2F [kA] | Nivel de corriente de cortocircuito subtransitorio para fallas 1F [kA] | Nivel de cortocircuito en estado estable [kA] | Nivel de corriente de cortocircuito de secuencia negativa [kA] | Departamento | Municipio | Subárea | J49: 4,7705 | K49: 0,3277 | L49: 3,127
A50: 01_Data\01_Raw\PARATEC\GENERACION\EOLICA\PARATEC_Ueólica_14-08-2026.xlsx | B50: Ueólica | C50: 6 | D50: 3 | E50: 2000 | F50: 35 | G50: 16 | H50: Potencia de la unidad equivalente [MW] | I50: Nombre | Operador | Estado | Fecha de puesta en operación FPO | Modo de operación | Punto de conexión | Planta eólica | Voltaje de conexión [kV] | Voltaje máximo [kV] | Voltaje mínimo [kV] | Voltaje nominal [kV] | Frecuencia máxima [Hz] | Frecuencia mínima [Hz] | Número inversores | Impedancia equivalente [Ω] | Potencia de la unidad equivalente [MW] | Tipo de aerogenerador | Altura de buje [m] | Fabricante | Temperatura máxima de operación [°C] | Temperatura mínima de operación [°C] | Modelo | Potencia nominal del inversor AC (Pnom - AC) [MW] | Modelo del inversor | Factor de eficiencia inversor [%] | Coeficiente de derrateo capacidad nominal del inversor por altura [p.u.] | Nivel de corriente de cortocircuito subtransitorio pico [kAp] | Nivel de corriente de cortocircuito subtransitorio para fallas 3F [kA] | Nivel de corriente de cortocircuito subtransitorio para fallas 2F [kA] | Nivel de corriente de cortocircuito subtransitorio para fallas 1F [kA] | Nivel de cortocircuito en estado estable [kA] | Nivel de corriente de cortocircuito de secuencia negativa [kA] | Departamento | Municipio | Subárea | J50: 9,67 | K50: 22,6 | L50: 13,8
A51: 01_Data\01_Raw\PARATEC\GENERACION\EOLICA\PARATEC_Ueólica_14-08-2026.xlsx | B51: Ueólica | C51: 6 | D51: 3 | E51: 2000 | F51: 35 | G51: 17 | H51: Tipo de aerogenerador | I51: Nombre | Operador | Estado | Fecha de puesta en operación FPO | Modo de operación | Punto de conexión | Planta eólica | Voltaje de conexión [kV] | Voltaje máximo [kV] | Voltaje mínimo [kV] | Voltaje nominal [kV] | Frecuencia máxima [Hz] | Frecuencia mínima [Hz] | Número inversores | Impedancia equivalente [Ω] | Potencia de la unidad equivalente [MW] | Tipo de aerogenerador | Altura de buje [m] | Fabricante | Temperatura máxima de operación [°C] | Temperatura mínima de operación [°C] | Modelo | Potencia nominal del inversor AC (Pnom - AC) [MW] | Modelo del inversor | Factor de eficiencia inversor [%] | Coeficiente de derrateo capacidad nominal del inversor por altura [p.u.] | Nivel de corriente de cortocircuito subtransitorio pico [kAp] | Nivel de corriente de cortocircuito subtransitorio para fallas 3F [kA] | Nivel de corriente de cortocircuito subtransitorio para fallas 2F [kA] | Nivel de corriente de cortocircuito subtransitorio para fallas 1F [kA] | Nivel de cortocircuito en estado estable [kA] | Nivel de corriente de cortocircuito de secuencia negativa [kA] | Departamento | Municipio | Subárea | J51: Tipo III | K51: Tipo IV
A52: 01_Data\01_Raw\PARATEC\GENERACION\EOLICA\PARATEC_Ueólica_14-08-2026.xlsx | B52: Ueólica | C52: 6 | D52: 3 | E52: 2000 | F52: 35 | G52: 18 | H52: Altura de buje [m] | I52: Nombre | Operador | Estado | Fecha de puesta en operación FPO | Modo de operación | Punto de conexión | Planta eólica | Voltaje de conexión [kV] | Voltaje máximo [kV] | Voltaje mínimo [kV] | Voltaje nominal [kV] | Frecuencia máxima [Hz] | Frecuencia mínima [Hz] | Número inversores | Impedancia equivalente [Ω] | Potencia de la unidad equivalente [MW] | Tipo de aerogenerador | Altura de buje [m] | Fabricante | Temperatura máxima de operación [°C] | Temperatura mínima de operación [°C] | Modelo | Potencia nominal del inversor AC (Pnom - AC) [MW] | Modelo del inversor | Factor de eficiencia inversor [%] | Coeficiente de derrateo capacidad nominal del inversor por altura [p.u.] | Nivel de corriente de cortocircuito subtransitorio pico [kAp] | Nivel de corriente de cortocircuito subtransitorio para fallas 3F [kA] | Nivel de corriente de cortocircuito subtransitorio para fallas 2F [kA] | Nivel de corriente de cortocircuito subtransitorio para fallas 1F [kA] | Nivel de cortocircuito en estado estable [kA] | Nivel de corriente de cortocircuito de secuencia negativa [kA] | Departamento | Municipio | Subárea | J52: 25 | K52: 80 | L52: 75
A53: 01_Data\01_Raw\PARATEC\GENERACION\EOLICA\PARATEC_Ueólica_14-08-2026.xlsx | B53: Ueólica | C53: 6 | D53: 3 | E53: 2000 | F53: 35 | G53: 19 | H53: Fabricante | I53: Nombre | Operador | Estado | Fecha de puesta en operación FPO | Modo de operación | Punto de conexión | Planta eólica | Voltaje de conexión [kV] | Voltaje máximo [kV] | Voltaje mínimo [kV] | Voltaje nominal [kV] | Frecuencia máxima [Hz] | Frecuencia mínima [Hz] | Número inversores | Impedancia equivalente [Ω] | Potencia de la unidad equivalente [MW] | Tipo de aerogenerador | Altura de buje [m] | Fabricante | Temperatura máxima de operación [°C] | Temperatura mínima de operación [°C] | Modelo | Potencia nominal del inversor AC (Pnom - AC) [MW] | Modelo del inversor | Factor de eficiencia inversor [%] | Coeficiente de derrateo capacidad nominal del inversor por altura [p.u.] | Nivel de corriente de cortocircuito subtransitorio pico [kAp] | Nivel de corriente de cortocircuito subtransitorio para fallas 3F [kA] | Nivel de corriente de cortocircuito subtransitorio para fallas 2F [kA] | Nivel de corriente de cortocircuito subtransitorio para fallas 1F [kA] | Nivel de cortocircuito en estado estable [kA] | Nivel de corriente de cortocircuito de secuencia negativa [kA] | Departamento | Municipio | Subárea | J53: NORDEX | K53: Vestas | L53: VESTAS
A54: 01_Data\01_Raw\PARATEC\GENERACION\EOLICA\PARATEC_Ueólica_14-08-2026.xlsx | B54: Ueólica | C54: 6 | D54: 3 | E54: 2000 | F54: 35 | G54: 20 | H54: Temperatura máxima de operación [°C] | I54: Nombre | Operador | Estado | Fecha de puesta en operación FPO | Modo de operación | Punto de conexión | Planta eólica | Voltaje de conexión [kV] | Voltaje máximo [kV] | Voltaje mínimo [kV] | Voltaje nominal [kV] | Frecuencia máxima [Hz] | Frecuencia mínima [Hz] | Número inversores | Impedancia equivalente [Ω] | Potencia de la unidad equivalente [MW] | Tipo de aerogenerador | Altura de buje [m] | Fabricante | Temperatura máxima de operación [°C] | Temperatura mínima de operación [°C] | Modelo | Potencia nominal del inversor AC (Pnom - AC) [MW] | Modelo del inversor | Factor de eficiencia inversor [%] | Coeficiente de derrateo capacidad nominal del inversor por altura [p.u.] | Nivel de corriente de cortocircuito subtransitorio pico [kAp] | Nivel de corriente de cortocircuito subtransitorio para fallas 3F [kA] | Nivel de corriente de cortocircuito subtransitorio para fallas 2F [kA] | Nivel de corriente de cortocircuito subtransitorio para fallas 1F [kA] | Nivel de cortocircuito en estado estable [kA] | Nivel de corriente de cortocircuito de secuencia negativa [kA] | Departamento | Municipio | Subárea | J54: 40
A55: 01_Data\01_Raw\PARATEC\GENERACION\EOLICA\PARATEC_Ueólica_14-08-2026.xlsx | B55: Ueólica | C55: 6 | D55: 3 | E55: 2000 | F55: 35 | G55: 21 | H55: Temperatura mínima de operación [°C] | I55: Nombre | Operador | Estado | Fecha de puesta en operación FPO | Modo de operación | Punto de conexión | Planta eólica | Voltaje de conexión [kV] | Voltaje máximo [kV] | Voltaje mínimo [kV] | Voltaje nominal [kV] | Frecuencia máxima [Hz] | Frecuencia mínima [Hz] | Número inversores | Impedancia equivalente [Ω] | Potencia de la unidad equivalente [MW] | Tipo de aerogenerador | Altura de buje [m] | Fabricante | Temperatura máxima de operación [°C] | Temperatura mínima de operación [°C] | Modelo | Potencia nominal del inversor AC (Pnom - AC) [MW] | Modelo del inversor | Factor de eficiencia inversor [%] | Coeficiente de derrateo capacidad nominal del inversor por altura [p.u.] | Nivel de corriente de cortocircuito subtransitorio pico [kAp] | Nivel de corriente de cortocircuito subtransitorio para fallas 3F [kA] | Nivel de corriente de cortocircuito subtransitorio para fallas 2F [kA] | Nivel de corriente de cortocircuito subtransitorio para fallas 1F [kA] | Nivel de cortocircuito en estado estable [kA] | Nivel de corriente de cortocircuito de secuencia negativa [kA] | Departamento | Municipio | Subárea | J55: -10 | K55: -20 | L55: -
A56: 01_Data\01_Raw\PARATEC\GENERACION\EOLICA\PARATEC_Ueólica_14-08-2026.xlsx | B56: Ueólica | C56: 6 | D56: 3 | E56: 2000 | F56: 35 | G56: 22 | H56: Modelo | I56: Nombre | Operador | Estado | Fecha de puesta en operación FPO | Modo de operación | Punto de conexión | Planta eólica | Voltaje de conexión [kV] | Voltaje máximo [kV] | Voltaje mínimo [kV] | Voltaje nominal [kV] | Frecuencia máxima [Hz] | Frecuencia mínima [Hz] | Número inversores | Impedancia equivalente [Ω] | Potencia de la unidad equivalente [MW] | Tipo de aerogenerador | Altura de buje [m] | Fabricante | Temperatura máxima de operación [°C] | Temperatura mínima de operación [°C] | Modelo | Potencia nominal del inversor AC (Pnom - AC) [MW] | Modelo del inversor | Factor de eficiencia inversor [%] | Coeficiente de derrateo capacidad nominal del inversor por altura [p.u.] | Nivel de corriente de cortocircuito subtransitorio pico [kAp] | Nivel de corriente de cortocircuito subtransitorio para fallas 3F [kA] | Nivel de corriente de cortocircuito subtransitorio para fallas 2F [kA] | Nivel de corriente de cortocircuito subtransitorio para fallas 1F [kA] | Nivel de cortocircuito en estado estable [kA] | Nivel de corriente de cortocircuito de secuencia negativa [kA] | Departamento | Municipio | Subárea | J56: N155/4.X TC120N | K56: V100-2.0MW | L56: V136-3.45 MW 60 Hz (Low HH) IEC-S HH82
A57: 01_Data\01_Raw\PARATEC\GENERACION\EOLICA\PARATEC_Ueólica_14-08-2026.xlsx | B57: Ueólica | C57: 6 | D57: 3 | E57: 2000 | F57: 35 | G57: 23 | H57: Potencia nominal del inversor AC (Pnom - AC) [MW] | I57: Nombre | Operador | Estado | Fecha de puesta en operación FPO | Modo de operación | Punto de conexión | Planta eólica | Voltaje de conexión [kV] | Voltaje máximo [kV] | Voltaje mínimo [kV] | Voltaje nominal [kV] | Frecuencia máxima [Hz] | Frecuencia mínima [Hz] | Número inversores | Impedancia equivalente [Ω] | Potencia de la unidad equivalente [MW] | Tipo de aerogenerador | Altura de buje [m] | Fabricante | Temperatura máxima de operación [°C] | Temperatura mínima de operación [°C] | Modelo | Potencia nominal del inversor AC (Pnom - AC) [MW] | Modelo del inversor | Factor de eficiencia inversor [%] | Coeficiente de derrateo capacidad nominal del inversor por altura [p.u.] | Nivel de corriente de cortocircuito subtransitorio pico [kAp] | Nivel de corriente de cortocircuito subtransitorio para fallas 3F [kA] | Nivel de corriente de cortocircuito subtransitorio para fallas 2F [kA] | Nivel de corriente de cortocircuito subtransitorio para fallas 1F [kA] | Nivel de cortocircuito en estado estable [kA] | Nivel de corriente de cortocircuito de secuencia negativa [kA] | Departamento | Municipio | Subárea | J57: 4,835 | K57: 2,26 | L57: 3,45
A58: 01_Data\01_Raw\PARATEC\GENERACION\EOLICA\PARATEC_Ueólica_14-08-2026.xlsx | B58: Ueólica | C58: 6 | D58: 3 | E58: 2000 | F58: 35 | G58: 24 | H58: Modelo del inversor | I58: Nombre | Operador | Estado | Fecha de puesta en operación FPO | Modo de operación | Punto de conexión | Planta eólica | Voltaje de conexión [kV] | Voltaje máximo [kV] | Voltaje mínimo [kV] | Voltaje nominal [kV] | Frecuencia máxima [Hz] | Frecuencia mínima [Hz] | Número inversores | Impedancia equivalente [Ω] | Potencia de la unidad equivalente [MW] | Tipo de aerogenerador | Altura de buje [m] | Fabricante | Temperatura máxima de operación [°C] | Temperatura mínima de operación [°C] | Modelo | Potencia nominal del inversor AC (Pnom - AC) [MW] | Modelo del inversor | Factor de eficiencia inversor [%] | Coeficiente de derrateo capacidad nominal del inversor por altura [p.u.] | Nivel de corriente de cortocircuito subtransitorio pico [kAp] | Nivel de corriente de cortocircuito subtransitorio para fallas 3F [kA] | Nivel de corriente de cortocircuito subtransitorio para fallas 2F [kA] | Nivel de corriente de cortocircuito subtransitorio para fallas 1F [kA] | Nivel de cortocircuito en estado estable [kA] | Nivel de corriente de cortocircuito de secuencia negativa [kA] | Departamento | Municipio | Subárea | J58: Vertiv: WF1010-06L0480 | K58: Vestas Converter System -VCS- | L58: Full Scale
A59: 01_Data\01_Raw\PARATEC\GENERACION\EOLICA\PARATEC_Ueólica_14-08-2026.xlsx | B59: Ueólica | C59: 6 | D59: 3 | E59: 2000 | F59: 35 | G59: 25 | H59: Factor de eficiencia inversor [%] | I59: Nombre | Operador | Estado | Fecha de puesta en operación FPO | Modo de operación | Punto de conexión | Planta eólica | Voltaje de conexión [kV] | Voltaje máximo [kV] | Voltaje mínimo [kV] | Voltaje nominal [kV] | Frecuencia máxima [Hz] | Frecuencia mínima [Hz] | Número inversores | Impedancia equivalente [Ω] | Potencia de la unidad equivalente [MW] | Tipo de aerogenerador | Altura de buje [m] | Fabricante | Temperatura máxima de operación [°C] | Temperatura mínima de operación [°C] | Modelo | Potencia nominal del inversor AC (Pnom - AC) [MW] | Modelo del inversor | Factor de eficiencia inversor [%] | Coeficiente de derrateo capacidad nominal del inversor por altura [p.u.] | Nivel de corriente de cortocircuito subtransitorio pico [kAp] | Nivel de corriente de cortocircuito subtransitorio para fallas 3F [kA] | Nivel de corriente de cortocircuito subtransitorio para fallas 2F [kA] | Nivel de corriente de cortocircuito subtransitorio para fallas 1F [kA] | Nivel de cortocircuito en estado estable [kA] | Nivel de corriente de cortocircuito de secuencia negativa [kA] | Departamento | Municipio | Subárea | J59: 99 | K59: 96,6
A60: 01_Data\01_Raw\PARATEC\GENERACION\EOLICA\PARATEC_Ueólica_14-08-2026.xlsx | B60: Ueólica | C60: 6 | D60: 3 | E60: 2000 | F60: 35 | G60: 26 | H60: Coeficiente de derrateo capacidad nominal del inversor por altura [p.u.] | I60: Nombre | Operador | Estado | Fecha de puesta en operación FPO | Modo de operación | Punto de conexión | Planta eólica | Voltaje de conexión [kV] | Voltaje máximo [kV] | Voltaje mínimo [kV] | Voltaje nominal [kV] | Frecuencia máxima [Hz] | Frecuencia mínima [Hz] | Número inversores | Impedancia equivalente [Ω] | Potencia de la unidad equivalente [MW] | Tipo de aerogenerador | Altura de buje [m] | Fabricante | Temperatura máxima de operación [°C] | Temperatura mínima de operación [°C] | Modelo | Potencia nominal del inversor AC (Pnom - AC) [MW] | Modelo del inversor | Factor de eficiencia inversor [%] | Coeficiente de derrateo capacidad nominal del inversor por altura [p.u.] | Nivel de corriente de cortocircuito subtransitorio pico [kAp] | Nivel de corriente de cortocircuito subtransitorio para fallas 3F [kA] | Nivel de corriente de cortocircuito subtransitorio para fallas 2F [kA] | Nivel de corriente de cortocircuito subtransitorio para fallas 1F [kA] | Nivel de cortocircuito en estado estable [kA] | Nivel de corriente de cortocircuito de secuencia negativa [kA] | Departamento | Municipio | Subárea | J60: - | K60: 1
A61: 01_Data\01_Raw\PARATEC\GENERACION\EOLICA\PARATEC_Ueólica_14-08-2026.xlsx | B61: Ueólica | C61: 6 | D61: 3 | E61: 2000 | F61: 35 | G61: 27 | H61: Nivel de corriente de cortocircuito subtransitorio pico [kAp] | I61: Nombre | Operador | Estado | Fecha de puesta en operación FPO | Modo de operación | Punto de conexión | Planta eólica | Voltaje de conexión [kV] | Voltaje máximo [kV] | Voltaje mínimo [kV] | Voltaje nominal [kV] | Frecuencia máxima [Hz] | Frecuencia mínima [Hz] | Número inversores | Impedancia equivalente [Ω] | Potencia de la unidad equivalente [MW] | Tipo de aerogenerador | Altura de buje [m] | Fabricante | Temperatura máxima de operación [°C] | Temperatura mínima de operación [°C] | Modelo | Potencia nominal del inversor AC (Pnom - AC) [MW] | Modelo del inversor | Factor de eficiencia inversor [%] | Coeficiente de derrateo capacidad nominal del inversor por altura [p.u.] | Nivel de corriente de cortocircuito subtransitorio pico [kAp] | Nivel de corriente de cortocircuito subtransitorio para fallas 3F [kA] | Nivel de corriente de cortocircuito subtransitorio para fallas 2F [kA] | Nivel de corriente de cortocircuito subtransitorio para fallas 1F [kA] | Nivel de cortocircuito en estado estable [kA] | Nivel de corriente de cortocircuito de secuencia negativa [kA] | Departamento | Municipio | Subárea | J61: 40,742 | K61: 0,016 | L61: 3,75
A62: 01_Data\01_Raw\PARATEC\GENERACION\EOLICA\PARATEC_Ueólica_14-08-2026.xlsx | B62: Ueólica | C62: 6 | D62: 3 | E62: 2000 | F62: 35 | G62: 28 | H62: Nivel de corriente de cortocircuito subtransitorio para fallas 3F [kA] | I62: Nombre | Operador | Estado | Fecha de puesta en operación FPO | Modo de operación | Punto de conexión | Planta eólica | Voltaje de conexión [kV] | Voltaje máximo [kV] | Voltaje mínimo [kV] | Voltaje nominal [kV] | Frecuencia máxima [Hz] | Frecuencia mínima [Hz] | Número inversores | Impedancia equivalente [Ω] | Potencia de la unidad equivalente [MW] | Tipo de aerogenerador | Altura de buje [m] | Fabricante | Temperatura máxima de operación [°C] | Temperatura mínima de operación [°C] | Modelo | Potencia nominal del inversor AC (Pnom - AC) [MW] | Modelo del inversor | Factor de eficiencia inversor [%] | Coeficiente de derrateo capacidad nominal del inversor por altura [p.u.] | Nivel de corriente de cortocircuito subtransitorio pico [kAp] | Nivel de corriente de cortocircuito subtransitorio para fallas 3F [kA] | Nivel de corriente de cortocircuito subtransitorio para fallas 2F [kA] | Nivel de corriente de cortocircuito subtransitorio para fallas 1F [kA] | Nivel de cortocircuito en estado estable [kA] | Nivel de corriente de cortocircuito de secuencia negativa [kA] | Departamento | Municipio | Subárea | J62: 13,867 | K62: 6,56 | L62: 2,651
A63: 01_Data\01_Raw\PARATEC\GENERACION\EOLICA\PARATEC_Ueólica_14-08-2026.xlsx | B63: Ueólica | C63: 6 | D63: 3 | E63: 2000 | F63: 35 | G63: 29 | H63: Nivel de corriente de cortocircuito subtransitorio para fallas 2F [kA] | I63: Nombre | Operador | Estado | Fecha de puesta en operación FPO | Modo de operación | Punto de conexión | Planta eólica | Voltaje de conexión [kV] | Voltaje máximo [kV] | Voltaje mínimo [kV] | Voltaje nominal [kV] | Frecuencia máxima [Hz] | Frecuencia mínima [Hz] | Número inversores | Impedancia equivalente [Ω] | Potencia de la unidad equivalente [MW] | Tipo de aerogenerador | Altura de buje [m] | Fabricante | Temperatura máxima de operación [°C] | Temperatura mínima de operación [°C] | Modelo | Potencia nominal del inversor AC (Pnom - AC) [MW] | Modelo del inversor | Factor de eficiencia inversor [%] | Coeficiente de derrateo capacidad nominal del inversor por altura [p.u.] | Nivel de corriente de cortocircuito subtransitorio pico [kAp] | Nivel de corriente de cortocircuito subtransitorio para fallas 3F [kA] | Nivel de corriente de cortocircuito subtransitorio para fallas 2F [kA] | Nivel de corriente de cortocircuito subtransitorio para fallas 1F [kA] | Nivel de cortocircuito en estado estable [kA] | Nivel de corriente de cortocircuito de secuencia negativa [kA] | Departamento | Municipio | Subárea | J63: 16,5 | K63: 5,68 | L63: 0,005
A64: 01_Data\01_Raw\PARATEC\GENERACION\EOLICA\PARATEC_Ueólica_14-08-2026.xlsx | B64: Ueólica | C64: 6 | D64: 3 | E64: 2000 | F64: 35 | G64: 30 | H64: Nivel de corriente de cortocircuito subtransitorio para fallas 1F [kA] | I64: Nombre | Operador | Estado | Fecha de puesta en operación FPO | Modo de operación | Punto de conexión | Planta eólica | Voltaje de conexión [kV] | Voltaje máximo [kV] | Voltaje mínimo [kV] | Voltaje nominal [kV] | Frecuencia máxima [Hz] | Frecuencia mínima [Hz] | Número inversores | Impedancia equivalente [Ω] | Potencia de la unidad equivalente [MW] | Tipo de aerogenerador | Altura de buje [m] | Fabricante | Temperatura máxima de operación [°C] | Temperatura mínima de operación [°C] | Modelo | Potencia nominal del inversor AC (Pnom - AC) [MW] | Modelo del inversor | Factor de eficiencia inversor [%] | Coeficiente de derrateo capacidad nominal del inversor por altura [p.u.] | Nivel de corriente de cortocircuito subtransitorio pico [kAp] | Nivel de corriente de cortocircuito subtransitorio para fallas 3F [kA] | Nivel de corriente de cortocircuito subtransitorio para fallas 2F [kA] | Nivel de corriente de cortocircuito subtransitorio para fallas 1F [kA] | Nivel de cortocircuito en estado estable [kA] | Nivel de corriente de cortocircuito de secuencia negativa [kA] | Departamento | Municipio | Subárea | J64: - | K64: 0,004
A65: 01_Data\01_Raw\PARATEC\GENERACION\EOLICA\PARATEC_Ueólica_14-08-2026.xlsx | B65: Ueólica | C65: 6 | D65: 3 | E65: 2000 | F65: 35 | G65: 31 | H65: Nivel de cortocircuito en estado estable [kA] | I65: Nombre | Operador | Estado | Fecha de puesta en operación FPO | Modo de operación | Punto de conexión | Planta eólica | Voltaje de conexión [kV] | Voltaje máximo [kV] | Voltaje mínimo [kV] | Voltaje nominal [kV] | Frecuencia máxima [Hz] | Frecuencia mínima [Hz] | Número inversores | Impedancia equivalente [Ω] | Potencia de la unidad equivalente [MW] | Tipo de aerogenerador | Altura de buje [m] | Fabricante | Temperatura máxima de operación [°C] | Temperatura mínima de operación [°C] | Modelo | Potencia nominal del inversor AC (Pnom - AC) [MW] | Modelo del inversor | Factor de eficiencia inversor [%] | Coeficiente de derrateo capacidad nominal del inversor por altura [p.u.] | Nivel de corriente de cortocircuito subtransitorio pico [kAp] | Nivel de corriente de cortocircuito subtransitorio para fallas 3F [kA] | Nivel de corriente de cortocircuito subtransitorio para fallas 2F [kA] | Nivel de corriente de cortocircuito subtransitorio para fallas 1F [kA] | Nivel de cortocircuito en estado estable [kA] | Nivel de corriente de cortocircuito de secuencia negativa [kA] | Departamento | Municipio | Subárea | J65: 12,05 | K65: 3,231 | L65: 1,218
A66: 01_Data\01_Raw\PARATEC\GENERACION\EOLICA\PARATEC_Ueólica_14-08-2026.xlsx | B66: Ueólica | C66: 6 | D66: 3 | E66: 2000 | F66: 35 | G66: 32 | H66: Nivel de corriente de cortocircuito de secuencia negativa [kA] | I66: Nombre | Operador | Estado | Fecha de puesta en operación FPO | Modo de operación | Punto de conexión | Planta eólica | Voltaje de conexión [kV] | Voltaje máximo [kV] | Voltaje mínimo [kV] | Voltaje nominal [kV] | Frecuencia máxima [Hz] | Frecuencia mínima [Hz] | Número inversores | Impedancia equivalente [Ω] | Potencia de la unidad equivalente [MW] | Tipo de aerogenerador | Altura de buje [m] | Fabricante | Temperatura máxima de operación [°C] | Temperatura mínima de operación [°C] | Modelo | Potencia nominal del inversor AC (Pnom - AC) [MW] | Modelo del inversor | Factor de eficiencia inversor [%] | Coeficiente de derrateo capacidad nominal del inversor por altura [p.u.] | Nivel de corriente de cortocircuito subtransitorio pico [kAp] | Nivel de corriente de cortocircuito subtransitorio para fallas 3F [kA] | Nivel de corriente de cortocircuito subtransitorio para fallas 2F [kA] | Nivel de corriente de cortocircuito subtransitorio para fallas 1F [kA] | Nivel de cortocircuito en estado estable [kA] | Nivel de corriente de cortocircuito de secuencia negativa [kA] | Departamento | Municipio | Subárea | J66: -
A67: 01_Data\01_Raw\PARATEC\GENERACION\EOLICA\PARATEC_Ueólica_14-08-2026.xlsx | B67: Ueólica | C67: 6 | D67: 3 | E67: 2000 | F67: 35 | G67: 33 | H67: Departamento | I67: Nombre | Operador | Estado | Fecha de puesta en operación FPO | Modo de operación | Punto de conexión | Planta eólica | Voltaje de conexión [kV] | Voltaje máximo [kV] | Voltaje mínimo [kV] | Voltaje nominal [kV] | Frecuencia máxima [Hz] | Frecuencia mínima [Hz] | Número inversores | Impedancia equivalente [Ω] | Potencia de la unidad equivalente [MW] | Tipo de aerogenerador | Altura de buje [m] | Fabricante | Temperatura máxima de operación [°C] | Temperatura mínima de operación [°C] | Modelo | Potencia nominal del inversor AC (Pnom - AC) [MW] | Modelo del inversor | Factor de eficiencia inversor [%] | Coeficiente de derrateo capacidad nominal del inversor por altura [p.u.] | Nivel de corriente de cortocircuito subtransitorio pico [kAp] | Nivel de corriente de cortocircuito subtransitorio para fallas 3F [kA] | Nivel de corriente de cortocircuito subtransitorio para fallas 2F [kA] | Nivel de corriente de cortocircuito subtransitorio para fallas 1F [kA] | Nivel de cortocircuito en estado estable [kA] | Nivel de corriente de cortocircuito de secuencia negativa [kA] | Departamento | Municipio | Subárea | J67: ATLÁNTICO | K67: LA GUAJIRA
A68: 01_Data\01_Raw\PARATEC\GENERACION\EOLICA\PARATEC_Ueólica_14-08-2026.xlsx | B68: Ueólica | C68: 6 | D68: 3 | E68: 2000 | F68: 35 | G68: 34 | H68: Municipio | I68: Nombre | Operador | Estado | Fecha de puesta en operación FPO | Modo de operación | Punto de conexión | Planta eólica | Voltaje de conexión [kV] | Voltaje máximo [kV] | Voltaje mínimo [kV] | Voltaje nominal [kV] | Frecuencia máxima [Hz] | Frecuencia mínima [Hz] | Número inversores | Impedancia equivalente [Ω] | Potencia de la unidad equivalente [MW] | Tipo de aerogenerador | Altura de buje [m] | Fabricante | Temperatura máxima de operación [°C] | Temperatura mínima de operación [°C] | Modelo | Potencia nominal del inversor AC (Pnom - AC) [MW] | Modelo del inversor | Factor de eficiencia inversor [%] | Coeficiente de derrateo capacidad nominal del inversor por altura [p.u.] | Nivel de corriente de cortocircuito subtransitorio pico [kAp] | Nivel de corriente de cortocircuito subtransitorio para fallas 3F [kA] | Nivel de corriente de cortocircuito subtransitorio para fallas 2F [kA] | Nivel de corriente de cortocircuito subtransitorio para fallas 1F [kA] | Nivel de cortocircuito en estado estable [kA] | Nivel de corriente de cortocircuito de secuencia negativa [kA] | Departamento | Municipio | Subárea | J68: BARANOA | K68: MAICAO | L68: URIBIA
A69: 01_Data\01_Raw\PARATEC\GENERACION\EOLICA\PARATEC_Ueólica_14-08-2026.xlsx | B69: Ueólica | C69: 6 | D69: 3 | E69: 2000 | F69: 35 | G69: 35 | H69: Subárea | I69: Nombre | Operador | Estado | Fecha de puesta en operación FPO | Modo de operación | Punto de conexión | Planta eólica | Voltaje de conexión [kV] | Voltaje máximo [kV] | Voltaje mínimo [kV] | Voltaje nominal [kV] | Frecuencia máxima [Hz] | Frecuencia mínima [Hz] | Número inversores | Impedancia equivalente [Ω] | Potencia de la unidad equivalente [MW] | Tipo de aerogenerador | Altura de buje [m] | Fabricante | Temperatura máxima de operación [°C] | Temperatura mínima de operación [°C] | Modelo | Potencia nominal del inversor AC (Pnom - AC) [MW] | Modelo del inversor | Factor de eficiencia inversor [%] | Coeficiente de derrateo capacidad nominal del inversor por altura [p.u.] | Nivel de corriente de cortocircuito subtransitorio pico [kAp] | Nivel de corriente de cortocircuito subtransitorio para fallas 3F [kA] | Nivel de corriente de cortocircuito subtransitorio para fallas 2F [kA] | Nivel de corriente de cortocircuito subtransitorio para fallas 1F [kA] | Nivel de cortocircuito en estado estable [kA] | Nivel de corriente de cortocircuito de secuencia negativa [kA] | Departamento | Municipio | Subárea | J69: SubArea Atlantico | K69: SubArea GCM
A70: 01_Data\01_Raw\PARATEC\GENERACION\HIDRAULICA\PARATEC_Chidraulicas_14-08-20.xlsx | B70: Cadenahidráulica | C70: 5 | D70: 10 | E70: 2000 | F70: 4 | G70: 1 | H70: PLANTAS QUE CONFORMAN LA CADENA HIDRÁULICA | I70: PLANTAS QUE CONFORMAN LA CADENA HIDRÁULICA | Capacidad [MW] | Factor de conversión hidráulica [MW/m3/s] | Operador | J70: CADENA HIDRÁULICA PAGUA | K70: PARAISO | L70: LA GUACA
A71: 01_Data\01_Raw\PARATEC\GENERACION\HIDRAULICA\PARATEC_Chidraulicas_14-08-20.xlsx | B71: Cadenahidráulica | C71: 5 | D71: 10 | E71: 2000 | F71: 4 | G71: 2 | H71: Capacidad [MW] | I71: PLANTAS QUE CONFORMAN LA CADENA HIDRÁULICA | Capacidad [MW] | Factor de conversión hidráulica [MW/m3/s] | Operador | J71: 600 | K71: 276 | L71: 324
A72: 01_Data\01_Raw\PARATEC\GENERACION\HIDRAULICA\PARATEC_Chidraulicas_14-08-20.xlsx | B72: Cadenahidráulica | C72: 5 | D72: 10 | E72: 2000 | F72: 4 | G72: 3 | H72: Factor de conversión hidráulica [MW/m3/s] | I72: PLANTAS QUE CONFORMAN LA CADENA HIDRÁULICA | Capacidad [MW] | Factor de conversión hidráulica [MW/m3/s] | Operador | J72: 16,0307 | K72: 7,3725 | L72: 8,6582
A73: 01_Data\01_Raw\PARATEC\GENERACION\HIDRAULICA\PARATEC_Chidraulicas_14-08-20.xlsx | B73: Cadenahidráulica | C73: 5 | D73: 10 | E73: 2000 | F73: 4 | G73: 4 | H73: Operador | I73: PLANTAS QUE CONFORMAN LA CADENA HIDRÁULICA | Capacidad [MW] | Factor de conversión hidráulica [MW/m3/s] | Operador | J73: ENEL COLOMBIA SA ESP | K73: CELSIA COLOMBIA S.A. E.S.P. | L73: EMPRESAS PUBLICAS DE MEDELLIN E.S.P.
A74: 01_Data\01_Raw\PARATEC\GENERACION\HIDRAULICA\PARATEC_Phidráulica_14-08-2026.xlsx | B74: Phidráulica | C74: 6 | D74: 164 | E74: 2000 | F74: 16 | G74: 1 | H74: Nombre | I74: Nombre | Operador | Estado | Fecha de puesta en operación FPO | Modo de operación | Tipo de proceso productivo | Rampas [Si/No] | Unidades hidráulicas | Capacidad efectiva neta [MW] | Factor de conversión hidráulico [MW/m3/s] | Clasificación | Mínimo obligatorio [Si/No] | Arranque autónomo [Si/No] | Departamento | Municipio | Subárea | J74: AGUA FRESCA | K74: ALEJANDRIA | L74: ALTO ANCHICAYA
A75: 01_Data\01_Raw\PARATEC\GENERACION\HIDRAULICA\PARATEC_Phidráulica_14-08-2026.xlsx | B75: Phidráulica | C75: 6 | D75: 164 | E75: 2000 | F75: 16 | G75: 2 | H75: Operador | I75: Nombre | Operador | Estado | Fecha de puesta en operación FPO | Modo de operación | Tipo de proceso productivo | Rampas [Si/No] | Unidades hidráulicas | Capacidad efectiva neta [MW] | Factor de conversión hidráulico [MW/m3/s] | Clasificación | Mínimo obligatorio [Si/No] | Arranque autónomo [Si/No] | Departamento | Municipio | Subárea | J75: ENERGIA DEL RIO PIEDRAS S.A. E.S.P | K75: GENERADORA ALEJANDRIA S.A.S. E.S.P. | L75: CELSIA COLOMBIA S.A. E.S.P.
A76: 01_Data\01_Raw\PARATEC\GENERACION\HIDRAULICA\PARATEC_Phidráulica_14-08-2026.xlsx | B76: Phidráulica | C76: 6 | D76: 164 | E76: 2000 | F76: 16 | G76: 3 | H76: Estado | I76: Nombre | Operador | Estado | Fecha de puesta en operación FPO | Modo de operación | Tipo de proceso productivo | Rampas [Si/No] | Unidades hidráulicas | Capacidad efectiva neta [MW] | Factor de conversión hidráulico [MW/m3/s] | Clasificación | Mínimo obligatorio [Si/No] | Arranque autónomo [Si/No] | Departamento | Municipio | Subárea | J76: Operación | K76: Pruebas
A77: 01_Data\01_Raw\PARATEC\GENERACION\HIDRAULICA\PARATEC_Phidráulica_14-08-2026.xlsx | B77: Phidráulica | C77: 6 | D77: 164 | E77: 2000 | F77: 16 | G77: 4 | H77: Fecha de puesta en operación FPO | I77: Nombre | Operador | Estado | Fecha de puesta en operación FPO | Modo de operación | Tipo de proceso productivo | Rampas [Si/No] | Unidades hidráulicas | Capacidad efectiva neta [MW] | Factor de conversión hidráulico [MW/m3/s] | Clasificación | Mínimo obligatorio [Si/No] | Arranque autónomo [Si/No] | Departamento | Municipio | Subárea | J77: 10/04/2008 | K77: 02/03/2017 | L77: 01/01/1974
A78: 01_Data\01_Raw\PARATEC\GENERACION\HIDRAULICA\PARATEC_Phidráulica_14-08-2026.xlsx | B78: Phidráulica | C78: 6 | D78: 164 | E78: 2000 | F78: 16 | G78: 5 | H78: Modo de operación | I78: Nombre | Operador | Estado | Fecha de puesta en operación FPO | Modo de operación | Tipo de proceso productivo | Rampas [Si/No] | Unidades hidráulicas | Capacidad efectiva neta [MW] | Factor de conversión hidráulico [MW/m3/s] | Clasificación | Mínimo obligatorio [Si/No] | Arranque autónomo [Si/No] | Departamento | Municipio | Subárea | J78: No Despachada Centralmente | K78: Despachada Centralmente
A79: 01_Data\01_Raw\PARATEC\GENERACION\HIDRAULICA\PARATEC_Phidráulica_14-08-2026.xlsx | B79: Phidráulica | C79: 6 | D79: 164 | E79: 2000 | F79: 16 | G79: 6 | H79: Tipo de proceso productivo | I79: Nombre | Operador | Estado | Fecha de puesta en operación FPO | Modo de operación | Tipo de proceso productivo | Rampas [Si/No] | Unidades hidráulicas | Capacidad efectiva neta [MW] | Factor de conversión hidráulico [MW/m3/s] | Clasificación | Mínimo obligatorio [Si/No] | Arranque autónomo [Si/No] | Departamento | Municipio | Subárea | J79: Generador | K79: Generador distribuido | L79: Autogenerador
A80: 01_Data\01_Raw\PARATEC\GENERACION\HIDRAULICA\PARATEC_Phidráulica_14-08-2026.xlsx | B80: Phidráulica | C80: 6 | D80: 164 | E80: 2000 | F80: 16 | G80: 7 | H80: Rampas [Si/No] | I80: Nombre | Operador | Estado | Fecha de puesta en operación FPO | Modo de operación | Tipo de proceso productivo | Rampas [Si/No] | Unidades hidráulicas | Capacidad efectiva neta [MW] | Factor de conversión hidráulico [MW/m3/s] | Clasificación | Mínimo obligatorio [Si/No] | Arranque autónomo [Si/No] | Departamento | Municipio | Subárea | J80: No | K80: Si
A81: 01_Data\01_Raw\PARATEC\GENERACION\HIDRAULICA\PARATEC_Phidráulica_14-08-2026.xlsx | B81: Phidráulica | C81: 6 | D81: 164 | E81: 2000 | F81: 16 | G81: 8 | H81: Unidades hidráulicas | I81: Nombre | Operador | Estado | Fecha de puesta en operación FPO | Modo de operación | Tipo de proceso productivo | Rampas [Si/No] | Unidades hidráulicas | Capacidad efectiva neta [MW] | Factor de conversión hidráulico [MW/m3/s] | Clasificación | Mínimo obligatorio [Si/No] | Arranque autónomo [Si/No] | Departamento | Municipio | Subárea | J81: AGUA FRESCA 1 | K81: ALEJANDRIA 1 ALEJANDRIA 2 ALEJANDRIA 3 | L81: ALTO ANCHICAYA 1 ALTO ANCHICAYA 2 ALTO ANCHICAYA 3
A82: 01_Data\01_Raw\PARATEC\GENERACION\HIDRAULICA\PARATEC_Phidráulica_14-08-2026.xlsx | B82: Phidráulica | C82: 6 | D82: 164 | E82: 2000 | F82: 16 | G82: 9 | H82: Capacidad efectiva neta [MW] | I82: Nombre | Operador | Estado | Fecha de puesta en operación FPO | Modo de operación | Tipo de proceso productivo | Rampas [Si/No] | Unidades hidráulicas | Capacidad efectiva neta [MW] | Factor de conversión hidráulico [MW/m3/s] | Clasificación | Mínimo obligatorio [Si/No] | Arranque autónomo [Si/No] | Departamento | Municipio | Subárea | J82: 7,29 | K82: 17 | L82: 355
A83: 01_Data\01_Raw\PARATEC\GENERACION\HIDRAULICA\PARATEC_Phidráulica_14-08-2026.xlsx | B83: Phidráulica | C83: 6 | D83: 164 | E83: 2000 | F83: 16 | G83: 10 | H83: Factor de conversión hidráulico [MW/m3/s] | I83: Nombre | Operador | Estado | Fecha de puesta en operación FPO | Modo de operación | Tipo de proceso productivo | Rampas [Si/No] | Unidades hidráulicas | Capacidad efectiva neta [MW] | Factor de conversión hidráulico [MW/m3/s] | Clasificación | Mínimo obligatorio [Si/No] | Arranque autónomo [Si/No] | Departamento | Municipio | Subárea | J83: 0 | K83: 1,063 | L83: 3,5092
A84: 01_Data\01_Raw\PARATEC\GENERACION\HIDRAULICA\PARATEC_Phidráulica_14-08-2026.xlsx | B84: Phidráulica | C84: 6 | D84: 164 | E84: 2000 | F84: 16 | G84: 11 | H84: Clasificación | I84: Nombre | Operador | Estado | Fecha de puesta en operación FPO | Modo de operación | Tipo de proceso productivo | Rampas [Si/No] | Unidades hidráulicas | Capacidad efectiva neta [MW] | Factor de conversión hidráulico [MW/m3/s] | Clasificación | Mínimo obligatorio [Si/No] | Arranque autónomo [Si/No] | Departamento | Municipio | Subárea | J84: Normal | K84: Cuenta con embalse | L84: Filo de agua
A85: 01_Data\01_Raw\PARATEC\GENERACION\HIDRAULICA\PARATEC_Phidráulica_14-08-2026.xlsx | B85: Phidráulica | C85: 6 | D85: 164 | E85: 2000 | F85: 16 | G85: 12 | H85: Mínimo obligatorio [Si/No] | I85: Nombre | Operador | Estado | Fecha de puesta en operación FPO | Modo de operación | Tipo de proceso productivo | Rampas [Si/No] | Unidades hidráulicas | Capacidad efectiva neta [MW] | Factor de conversión hidráulico [MW/m3/s] | Clasificación | Mínimo obligatorio [Si/No] | Arranque autónomo [Si/No] | Departamento | Municipio | Subárea | J85: No | K85: Si
A86: 01_Data\01_Raw\PARATEC\GENERACION\HIDRAULICA\PARATEC_Phidráulica_14-08-2026.xlsx | B86: Phidráulica | C86: 6 | D86: 164 | E86: 2000 | F86: 16 | G86: 13 | H86: Arranque autónomo [Si/No] | I86: Nombre | Operador | Estado | Fecha de puesta en operación FPO | Modo de operación | Tipo de proceso productivo | Rampas [Si/No] | Unidades hidráulicas | Capacidad efectiva neta [MW] | Factor de conversión hidráulico [MW/m3/s] | Clasificación | Mínimo obligatorio [Si/No] | Arranque autónomo [Si/No] | Departamento | Municipio | Subárea | J86: No | K86: Si
A87: 01_Data\01_Raw\PARATEC\GENERACION\HIDRAULICA\PARATEC_Phidráulica_14-08-2026.xlsx | B87: Phidráulica | C87: 6 | D87: 164 | E87: 2000 | F87: 16 | G87: 14 | H87: Departamento | I87: Nombre | Operador | Estado | Fecha de puesta en operación FPO | Modo de operación | Tipo de proceso productivo | Rampas [Si/No] | Unidades hidráulicas | Capacidad efectiva neta [MW] | Factor de conversión hidráulico [MW/m3/s] | Clasificación | Mínimo obligatorio [Si/No] | Arranque autónomo [Si/No] | Departamento | Municipio | Subárea | J87: ANTIOQUIA | K87: VALLE DEL CAUCA | L87: TOLIMA
A88: 01_Data\01_Raw\PARATEC\GENERACION\HIDRAULICA\PARATEC_Phidráulica_14-08-2026.xlsx | B88: Phidráulica | C88: 6 | D88: 164 | E88: 2000 | F88: 16 | G88: 15 | H88: Municipio | I88: Nombre | Operador | Estado | Fecha de puesta en operación FPO | Modo de operación | Tipo de proceso productivo | Rampas [Si/No] | Unidades hidráulicas | Capacidad efectiva neta [MW] | Factor de conversión hidráulico [MW/m3/s] | Clasificación | Mínimo obligatorio [Si/No] | Arranque autónomo [Si/No] | Departamento | Municipio | Subárea | J88: JERICÓ | K88: ALEJANDRÍA | L88: BUENAVENTURA
A89: 01_Data\01_Raw\PARATEC\GENERACION\HIDRAULICA\PARATEC_Phidráulica_14-08-2026.xlsx | B89: Phidráulica | C89: 6 | D89: 164 | E89: 2000 | F89: 16 | G89: 16 | H89: Subárea | I89: Nombre | Operador | Estado | Fecha de puesta en operación FPO | Modo de operación | Tipo de proceso productivo | Rampas [Si/No] | Unidades hidráulicas | Capacidad efectiva neta [MW] | Factor de conversión hidráulico [MW/m3/s] | Clasificación | Mínimo obligatorio [Si/No] | Arranque autónomo [Si/No] | Departamento | Municipio | Subárea | J89: SubArea Antioquia | K89: SubArea Valle | L89: SubArea Huila-Tolima
A90: 01_Data\01_Raw\PARATEC\GENERACION\HIDRAULICA\PARATEC_Phidráulica_14-08-2026.xlsx | B90: Rampa1 | C90: 11 | D90: 3 | E90: 2000 | F90: 10 | G90: 1 | H90: UR1 | I90: UR1 | 0 | 396 | 396 | 0 | DR1 | 198 | 396 | 66 | 0 | J90: Modelo 3
A91: 01_Data\01_Raw\PARATEC\GENERACION\HIDRAULICA\PARATEC_Phidráulica_14-08-2026.xlsx | B91: Rampa1 | C91: 11 | D91: 3 | E91: 2000 | F91: 10 | G91: 2 | H91: 0 | I91: UR1 | 0 | 396 | 396 | 0 | DR1 | 198 | 396 | 66 | 0 | J91: Bloques UR (MWh) | L91: -
A92: 01_Data\01_Raw\PARATEC\GENERACION\HIDRAULICA\PARATEC_Phidráulica_14-08-2026.xlsx | B92: Rampa1 | C92: 11 | D92: 3 | E92: 2000 | F92: 10 | G92: 3 | H92: 396 | I92: UR1 | 0 | 396 | 396 | 0 | DR1 | 198 | 396 | 66 | 0 | J92: a | K92: 0
A93: 01_Data\01_Raw\PARATEC\GENERACION\HIDRAULICA\PARATEC_Phidráulica_14-08-2026.xlsx | B93: Rampa1 | C93: 11 | D93: 3 | E93: 2000 | F93: 10 | G93: 4 | H93: 396 | I93: UR1 | 0 | 396 | 396 | 0 | DR1 | 198 | 396 | 66 | 0 | J93: b | K93: -
A94: 01_Data\01_Raw\PARATEC\GENERACION\HIDRAULICA\PARATEC_Phidráulica_14-08-2026.xlsx | B94: Rampa1 | C94: 11 | D94: 3 | E94: 2000 | F94: 10 | G94: 5 | H94: 0 | I94: UR1 | 0 | 396 | 396 | 0 | DR1 | 198 | 396 | 66 | 0 | J94: UR | K94: -
A95: 01_Data\01_Raw\PARATEC\GENERACION\HIDRAULICA\PARATEC_Phidráulica_14-08-2026.xlsx | B95: Rampa1 | C95: 11 | D95: 3 | E95: 2000 | F95: 10 | G95: 6 | H95: DR1 | I95: UR1 | 0 | 396 | 396 | 0 | DR1 | 198 | 396 | 66 | 0 | J95: -
A96: 01_Data\01_Raw\PARATEC\GENERACION\HIDRAULICA\PARATEC_Phidráulica_14-08-2026.xlsx | B96: Rampa1 | C96: 11 | D96: 3 | E96: 2000 | F96: 10 | G96: 7 | H96: 198 | I96: UR1 | 0 | 396 | 396 | 0 | DR1 | 198 | 396 | 66 | 0 | J96: Bloques DR (MWh) | L96: -
A97: 01_Data\01_Raw\PARATEC\GENERACION\HIDRAULICA\PARATEC_Phidráulica_14-08-2026.xlsx | B97: Rampa1 | C97: 11 | D97: 3 | E97: 2000 | F97: 10 | G97: 8 | H97: 396 | I97: UR1 | 0 | 396 | 396 | 0 | DR1 | 198 | 396 | 66 | 0 | J97: c | K97: -
A98: 01_Data\01_Raw\PARATEC\GENERACION\HIDRAULICA\PARATEC_Phidráulica_14-08-2026.xlsx | B98: Rampa1 | C98: 11 | D98: 3 | E98: 2000 | F98: 10 | G98: 9 | H98: 66 | I98: UR1 | 0 | 396 | 396 | 0 | DR1 | 198 | 396 | 66 | 0 | J98: d | K98: 0
A99: 01_Data\01_Raw\PARATEC\GENERACION\HIDRAULICA\PARATEC_Phidráulica_14-08-2026.xlsx | B99: Rampa1 | C99: 11 | D99: 3 | E99: 2000 | F99: 10 | G99: 10 | H99: 0 | I99: UR1 | 0 | 396 | 396 | 0 | DR1 | 198 | 396 | 66 | 0 | J99: DR | K99: -
A100: 01_Data\01_Raw\PARATEC\GENERACION\HIDRAULICA\PARATEC_Phidráulica_14-08-2026.xlsx | B100: Rampa2 | C100: 11 | D100: 5 | E100: 2000 | F100: 10 | G100: 1 | H100: UR1 | I100: UR1 | 0 | 119 | 120 | 0 | DR1 | 120 | 819 | 175 | 0 | J100: Modelo 3
...

Sheet Generadores
A1: subarea | B1: values_enersource | D1: Tipo | E1: pmax_mw | F1: pmin_mw | G1: pmin_missing | H1: cost_avg_cop_mwh_weighted_pmax | I1: ramp_up_sum_mw_min | J1: ramp_down_sum_mw_min | K1: min_on_max_h | L1: min_off_max_h | M1: n_units | N1: n_resources | O1: offer_codes | P1: resource_names | Q1: representative_date | R1: demand_representative_mw | S1: trm_cop_usd | T1: missing_fields | U1: precoferdesp_diario_por_recurso | V1: cost_avg_usd_mwh
A2: SubArea Antioquia | B2: ACPM | C2: Diésel (aceite combustible para motores) | D2: Térmica | E2: 352 | F2: 220 | G2: FALSE | H2: 1389156 | I2: 49.91 | J2: 103.36 | K2: 8 | L2: 2 | M2: 3 | N2: 1 | O2: TSR1 | P2: TERMOSIERRA CC | Q2: 46209 | R2: 10516.626 | S2: 3334.93 | U2: {"TSR1": 1389156.0} | V2: 416.54727
A3: SubArea Antioquia | B3: AGUA | C3: Hidráulica | D3: Hidráulica | E3: 5483 | F3: 1768.1 | G3: FALSE | H3: 589372.2 | I3: 2727.73 | J3: 3014.89 | M3: 45 | N3: 12 | O3: CLL1, GTPE, GTRG, HMIN, JAGS, LTSJ, PES1, PLYS, PRC2, PRC3, SMI1, SNCR | P3: CARLOS LLERAS, GUATAPE, GUATRON, ESCUELA DE MINAS, JAGUAS, LA TASAJERA, ITUANGO, PLAYAS, PORCE II, PORCE III, SAN MIGUEL, SAN CARLOS | Q3: 46209 | R3: 10516.626 | S3: 3334.93 | U3: {"CLL1": 80000.01000000001, "GTPE": 709000.0, "GTRG": 752000.0, "HMIN": 80000.0, "JAGS": 1070000.0, "LTSJ": 895000.0, "PES1": 87878.01000000001, "PLYS": 90683.0, "PRC2": 710000.0, "PRC3": 900000.0, "SMI1": 89176.01000000001, "SNCR": 755500.0} | V3: 176.72701
A4: SubArea Antioquia | B4: GAS | C4: Gas natural | D4: Térmica | E4: 272 | F4: 110 | G4: FALSE | H4: 1003326 | I4: 13.88 | J4: 13.17 | K4: 6 | L4: 8 | M4: 3 | N4: 1 | O4: TRM1 | P4: TERMOCENTRO CC | Q4: 46209 | R4: 10516.626 | S4: 3334.93 | U4: {"TRM1": 1003326.0} | V4: 300.85369
A5: SubArea Atlantico | B5: GAS | C5: Gas natural | D5: Térmica | E5: 1516 | F5: 726 | G5: FALSE | H5: 914509.51 | I5: 34.3025 | J5: 26.8 | K5: 72 | L5: 72 | M5: 14 | N5: 5 | O5: TBQ3, TBQ4, TBST, TFL1, TFL4 | P5: BARRANQUILLA 3, BARRANQUILLA 4, TEBSAB CC, FLORES I CC, FLORES 4 CC | Q5: 46209 | R5: 10516.626 | S5: 3334.93 | U5: {"TBQ3": 1097684.0, "TBQ4": 1048522.0, "TBST": 750293.0, "TFL1": 1060979.0, "TFL4": 1110979.0} | V5: 274.2215
A6: SubArea Bogota | B6: AGUA | C6: Hidráulica | D6: Hidráulica | E6: 3056 | F6: 433.2 | G6: FALSE | H6: 207492.72 | I6: 1116.59 | J6: 1101.8 | M6: 21 | N6: 6 | O6: 2QEK, CHVR, DVS1, GVIO, PGUG, TUJ1 | P6: SALTO II, CHIVOR, DARIO VALENCIA SAMPER, GUAVIO, PAGUA, TUNJITA | Q6: 46209 | R6: 10516.626 | S6: 3334.93 | U6: {"2QEK": 90855.0, "CHVR": 87878.02, "DVS1": 90854.0, "GVIO": 90853.01, "PGUG": 690000.0, "TUJ1": 87878.0} | V6: 62.218013
A7: SubArea Bogota | B7: CARBON | C7: Carbón | D7: Térmica | E7: 224 | F7: 92 | G7: FALSE | H7: 306049.86 | I7: 3.54 | J7: 3.49 | K7: 72 | L7: 9 | M7: 4 | N7: 4 | O7: ZPA2, ZPA3, ZPA4, ZPA5 | P7: ZIPAEMG 2, ZIPAEMG 3, ZIPAEMG 4, ZIPAEMG 5 | Q7: 46209 | R7: 10516.626 | S7: 3334.93 | U7: {"ZPA2": 325736.0, "ZPA3": 300949.0, "ZPA4": 312370.0, "ZPA5": 294106.0} | V7: 91.771
A8: SubArea Bolivar | B8: COMBUSTOLEO | C8: Fuel oil, residuo pesado | D8: Térmica | E8: 178 | F8: 90 | G8: FALSE | H8: 1422845.3 | I8: 1.48 | J8: 1.48 | K8: 72 | L8: 18 | M8: 3 | N8: 3 | O8: CTG1, CTG2, CTG3 | P8: CARTAGENA 1, CARTAGENA 2, CARTAGENA 3 | Q8: 46209 | R8: 10516.626 | S8: 3334.93 | U8: {"CTG1": 1399863.0, "CTG2": 1398206.0, "CTG3": 1463352.0} | V8: 426.64923
A9: SubArea Bolivar | B9: GAS | C9: Gas natural | D9: Térmica | E9: 645 | F9: 385 | G9: FALSE | H9: 692048.84 | I9: 15.75 | J9: 23.85 | K9: 36 | L9: 15 | M9: 5 | N9: 3 | O9: PRG1, PRG2, TCDT | P9: PROELECTRICA 1, PROELECTRICA 2, TERMOCANDELARIA CC | Q9: 46209 | R9: 10516.626 | S9: 3334.93 | U9: {"PRG1": 901548.0, "PRG2": 901548.0, "TCDT": 658076.0} | V9: 207.51525
A10: SubArea Bolivar | B10: GLP | C10: Gas licuado de petróleo | D10: Térmica | E10: 52 | F10: 38 | G10: FALSE | H10: 880000 | I10: 3.07 | J10: 3.08 | K10: 4 | L10: 2 | M10: 1 | N10: 1 | O10: TCBE | P10: TERMOCARIBE III 1 | Q10: 46209 | R10: 10516.626 | S10: 3334.93 | U10: {"TCBE": 880000.0} | V10: 263.8736
A11: SubArea Boyaca-Casanare | B11: BIOMASA | C11: Bagazo, residuos agrícolas | D11: Térmica | E11: 25 | F11: 17 | G11: FALSE | H11: 237230 | I11: 0.22 | J11: 0.3 | K11: 24 | L11: 12 | M11: 1 | N11: 1 | O11: 4YCN | P11: VILLANUEVA 1 | Q11: 46209 | R11: 10516.626 | S11: 3334.93 | U11: {"4YCN": 237230.0} | V11: 71.134926
A12: SubArea Boyaca-Casanare | B12: CARBON | C12: Carbón | D12: Térmica | E12: 343 | F12: 148 | G12: FALSE | H12: 277718.16 | I12: 1.73 | J12: 3.12 | K12: 24 | L12: 18 | M12: 4 | N12: 4 | O12: PPA1, PPA2, PPA3, PPA4 | P12: PAIPA 1, PAIPA 2, PAIPA 3, PAIPA 4 | Q12: 46209 | R12: 10516.626 | S12: 3334.93 | U12: {"PPA1": 286480.0, "PPA2": 262762.0, "PPA3": 273885.0, "PPA4": 283959.0} | V12: 83.275559
A13: SubArea Boyaca-Casanare | B13: GAS | C13: Gas natural | D13: Térmica | E13: 186 | F13: 118 | G13: FALSE | H13: 84100.022 | I13: 42.79 | J13: 43.11 | K13: 12 | L13: 2 | M13: 5 | N13: 5 | O13: TYP1, TYP2, TYP3, TYP4, TYP5 | P13: TERMOYOPAL 1, TERMOYOPAL 2, TERMOYOPAL G3, TERMOYOPAL G4, TERMOYOPAL G5 | Q13: 46209 | R13: 10516.626 | S13: 3334.93 | U13: {"TYP1": 84100.01, "TYP2": 84100.02, "TYP3": 84100.03, "TYP4": 84100.0, "TYP5": 84100.04000000001} | V13: 25.217927
A14: SubArea CQR | B14: AGUA | C14: Hidráulica | D14: Hidráulica | E14: 561 | F14: 96 | G14: FALSE | H14: 789024.42 | I14: 217.69 | J14: 218.33 | M14: 8 | N14: 3 | O14: ESMR, HMLG, SNFR | P14: ESMERALDA, MIEL I, SAN FRANCISCO | Q14: 46209 | R14: 10516.626 | S14: 3334.93 | U14: {"ESMR": 90683.02, "HMLG": 1080000.0, "SNFR": 90683.01} | V14: 236.594
A15: SubArea CQR | B15: JET-A1 | C15: Queroseno de aviación | D15: Térmica | E15: 48 | F15: 10 | G15: FALSE | H15: 2695210 | I15: 5.94 | J15: 5.8 | K15: 1 | L15: 1 | M15: 1 | N15: 1 | O15: TDR1 | P15: TERMODORADA 1 | Q15: 46209 | R15: 10516.626 | S15: 3334.93 | U15: {"TDR1": 2695210.0} | V15: 808.17588
A16: SubArea Cauca-Narino | B16: AGUA | C16: Hidráulica | D16: Hidráulica | E16: 400 | F16: 0 | G16: FALSE | H16: 810000 | I16: 33.81 | J16: 36.02 | M16: 2 | N16: 1 | O16: QUI1 | P16: EL QUIMBO | Q16: 46209 | R16: 10516.626 | S16: 3334.93 | U16: {"QUI1": 810000.0} | V16: 242.88366
A17: SubArea Cerromatoso | B17: CARBON | C17: Carbón | D17: Térmica | E17: 434 | F17: 220 | G17: FALSE | H17: 253749.59 | I17: 2 | J17: 1.38 | K17: 72 | L17: 72 | M17: 2 | N17: 2 | O17: GE32, GEC3 | P17: GECELCA 32, GECELCA 3 | Q17: 46209 | R17: 10516.626 | S17: 3334.93 | U17: {"GE32": 253295.0, "GEC3": 254498.0} | V17: 76.088431
A18: SubArea Cordoba_Sucre | B18: AGUA | C18: Hidráulica | D18: Hidráulica | E18: 338 | F18: 120 | G18: FALSE | H18: 700000 | I18: 155.67 | J18: 165.66 | M18: 4 | N18: 1 | O18: URA1 | P18: URRA | Q18: 46209 | R18: 10516.626 | S18: 3334.93 | U18: {"URA1": 700000.0} | V18: 209.89946
A19: SubArea Cordoba_Sucre | B19: GAS | C19: Gas natural | D19: Térmica | E19: 200 | F19: 88 | G19: FALSE | H19: 1160244 | I19: 23.4 | J19: 29.45 | K19: 3 | L19: 1 | M19: 11 | N19: 1 | O19: 3ENA | P19: TESORITO | Q19: 46209 | R19: 10516.626 | S19: 3334.93 | U19: {"3ENA": 1160244.0} | V19: 347.90655
A20: SubArea GCM | B20: CARBON | C20: Carbón | D20: Térmica | E20: 275 | F20: 144 | G20: FALSE | H20: 682656.55 | I20: 3.28 | J20: 4.26 | K20: 24 | L20: 24 | M20: 2 | N20: 2 | O20: TGJ1, TGJ2 | P20: GUAJIRA 1, GUAJIRA 2 | Q20: 46209 | R20: 10516.626 | S20: 3334.93 | U20: {"TGJ1": 623516.0, "TGJ2": 748621.0} | V20: 204.69891
A21: SubArea GCM | B21: COMBUSTOLEO | C21: Fuel oil, residuo pesado | D21: Térmica | E21: 88 | F21: 52 | G21: FALSE | H21: 1135000 | I21: 0.36 | J21: 0.36 | K21: 4 | L21: 1 | M21: 10 | N21: 1 | O21: TRN1 | P21: TERMONORTE | Q21: 46209 | R21: 10516.626 | S21: 3334.93 | U21: {"TRN1": 1135000.0} | V21: 340.33698
A22: SubArea Huila-Tolima | B22: AGUA | C22: Hidráulica | D22: Hidráulica | E22: 727 | F22: 202.2 | G22: FALSE | H22: 169003.94 | I22: 132.97 | J22: 151.87 | M22: 10 | N22: 4 | O22: CHBG, CUC1, MOY1, PRDO | P22: BETANIA, CUCUANA, AMOYA LA ESPERANZA, PRADO | Q22: 46209 | R22: 10516.626 | S22: 3334.93 | U22: {"CHBG": 90853.0, "CUC1": 95878.0, "MOY1": 89176.0, "PRDO": 1202000.0} | V22: 50.676909
A23: SubArea Norte de Santander | B23: CARBON | C23: Carbón | D23: Térmica | E23: 335 | F23: 134 | G23: FALSE | H23: 228838.21 | I23: 5.57 | J23: 5.57 | K23: 72 | L23: 8 | M23: 2 | N23: 2 | O23: TSJ1, TSJ2 | P23: TASAJERO 1, TASAJERO 2 | Q23: 46209 | R23: 10516.626 | S23: 3334.93 | U23: {"TSJ1": 238480.0, "TSJ2": 219480.0} | V23: 68.618594
A24: SubArea Santander | B24: AGUA | C24: Hidráulica | D24: Hidráulica | E24: 819 | F24: 360 | G24: FALSE | H24: 990000 | I24: 51.05 | J24: 52.43 | M24: 3 | N24: 1 | O24: SOG1 | P24: SOGAMOSO | Q24: 46209 | R24: 10516.626 | S24: 3334.93 | U24: {"SOG1": 990000.0} | V24: 296.85781
A25: SubArea Santander | B25: GAS | C25: Gas natural | D25: Térmica | E25: 164 | F25: 90 | G25: FALSE | H25: 1237860 | I25: 6.02 | J25: 6.01 | K25: 6 | L25: 2 | M25: 1 | N25: 1 | O25: MRL1 | P25: MERILECTRICA 1 | Q25: 46209 | R25: 10516.626 | S25: 3334.93 | U25: {"MRL1": 1237860.0} | V25: 371.1802
A26: SubArea Valle | B26: ACPM | C26: Diésel (aceite combustible para motores) | D26: Térmica | E26: 466 | F26: 200 | G26: FALSE | H26: 1564465.4 | I26: 2 | J26: 8 | K26: 10 | L26: 4 | M26: 4 | N26: 2 | O26: TEC1, TVL1 | P26: TERMOEMCALI CC, TERMOVALLE CC | Q26: 46209 | R26: 10516.626 | S26: 3334.93 | U26: {"TEC1": 1533693.0, "TVL1": 1594199.0} | V26: 469.1149
A27: SubArea Valle | B27: AGUA | C27: Hidráulica | D27: Hidráulica | E27: 874 | F27: 154 | G27: FALSE | H27: 1204337.5 | I27: 378.37 | J27: 388.9 | M27: 9 | N27: 3 | O27: ALBG, CLMG, SLVJ | P27: ALBAN, CALIMA, SALVAJINA | Q27: 46209 | R27: 10516.626 | S27: 3334.93 | U27: {"ALBG": 1205000.0, "CLMG": 1203000.0, "SLVJ": 1204000.0} | V27: 361.12828

Sheet Térmica
A1: Generadores - Unidades termicas
A2: Costo cuadratico c2*P^2+c1*P+c0. min_on/off y cost_su/sd para UC.
A3: id | B3: nodo | C3: Pmin | D3: Pmax | E3: rampa_sub_min | F3: rampa_sub | G3: rampa_baj_min | H3: rampa_baj | I3: c2 | J3: c1 | K3: c0 | L3: u_init | M3: min_on | N3: min_off | O3: Carga_sincronizante_frío | P3: Tiempo_calentamiento_frío | Q3: cost_su | R3: cost_sd | S3: combustible | T3: Planta | U3: codigo | V3: Latitud | W3: Longitud
C4: MW | D4: MW | E4: MW/min | F4: MW/h | G4: MW/min | H4: MW/h | I4: $/MW2 | J4: $/MW | K4: $ | M4: h | N4: h | O4: MW | P4: h | Q4: USD | R4: USD | V4: ° | W4: °
A5: TERMOCENTRO 1 | B5: SubArea Antioquia | C5: 30 | D5: 97 | E5: 5 | F5: =E5*60 -> 300 | G5: 4.99 | H5: =G5*60 -> 299.4 | I5: 0 | K5: 0 | M5: 1 | N5: 0 | O5: 5 | P5: 0 | Q5: =O5*P5*J5 -> 0 | R5: 0 | S5: Gas | T5: TERMOCENTRO CC | U5: =_xlfn.XLOOKUP(T5,Detalle_Unidades!F2:F548,Detalle_Unidades!A2:A548) -> TRM1
A6: TERMOCENTRO 2 | B6: SubArea Antioquia | C6: 40 | D6: 80 | E6: 5 | F6: =E6*60 -> 300 | G6: 5.07 | H6: =G6*60 -> 304.2 | I6: 0 | K6: 0 | M6: 6 | N6: 6 | O6: 5 | P6: 2 | Q6: =O6*P6*J6 -> 0 | R6: 0 | S6: ACPM | T6: TERMOCENTRO CC | U6: =_xlfn.XLOOKUP(T6,Detalle_Unidades!F3:F549,Detalle_Unidades!A3:A549) -> TRM1
A7: TERMOCENTRO 3 | B7: SubArea Antioquia | C7: 30 | D7: 77 | E7: 3.88 | F7: =E7*60 -> 232.8 | G7: 3.11 | H7: =G7*60 -> 186.6 | I7: 0 | K7: 0 | M7: 10 | N7: 8 | O7: 5 | P7: 4 | Q7: =O7*P7*J7 -> 0 | R7: 0 | S7: ACPM | T7: TERMOCENTRO CC | U7: =_xlfn.XLOOKUP(T7,Detalle_Unidades!F4:F550,Detalle_Unidades!A4:A550) -> TRM1
A8: TERMOSIERRA 1 | B8: SubArea Antioquia | C8: 89 | D8: 110 | E8: 42.41 | F8: =E8*60 -> 2544.6 | G8: 41.41 | H8: =G8*60 -> 2484.6 | I8: 0 | K8: 0 | M8: 8 | N8: 1 | O8: 12 | P8: 2 | Q8: =O8*P8*J8 -> 0 | R8: 0 | S8: ACPM | T8: TERMOSIERRA CC | U8: =_xlfn.XLOOKUP(T8,Detalle_Unidades!F5:F551,Detalle_Unidades!A5:A551) -> TSR1
A9: TERMOSIERRA 2 | B9: SubArea Antioquia | C9: 89 | D9: 110 | E9: 2.5 | F9: =E9*60 -> 150 | G9: 49.25 | H9: =G9*60 -> 2955 | I9: 0 | K9: 0 | M9: 8 | N9: 1 | O9: 12 | P9: 2 | Q9: =O9*P9*J9 -> 0 | R9: 0 | S9: ACPM | T9: TERMOSIERRA CC | U9: =_xlfn.XLOOKUP(T9,Detalle_Unidades!F6:F552,Detalle_Unidades!A6:A552) -> TSR1
A10: TERMOSIERRA 3 | B10: SubArea Antioquia | C10: 42 | D10: 132 | E10: 5 | F10: =E10*60 -> 300 | G10: 12.7 | H10: =G10*60 -> 762 | I10: 0 | K10: 0 | M10: 8 | N10: 1 | O10: 12 | P10: 2 | Q10: =O10*P10*J10 -> 0 | R10: 0 | S10: ACPM | T10: TERMOSIERRA CC | U10: =_xlfn.XLOOKUP(T10,Detalle_Unidades!F7:F553,Detalle_Unidades!A7:A553) -> TSR1
A11: BARRANQUILLA 3 | B11: SubArea Atlantico | C11: 33 | D11: 60 | E11: 0.94 | F11: =E11*60 -> 56.4 | G11: 0.94 | H11: =G11*60 -> 56.4 | I11: 0 | J11: 285.53893 | K11: 0 | M11: 48 | N11: 24 | O11: 5 | P11: 8 | Q11: =O11*P11*J11 -> 11421.557 | R11: 0 | S11: Gas | T11: BARRANQUILLA 3 | U11: =_xlfn.XLOOKUP(T11,Detalle_Unidades!F8:F554,Detalle_Unidades!A8:A554) -> TBQ3
A12: BARRANQUILLA 4 | B12: SubArea Atlantico | C12: 33 | D12: 60 | E12: 1.05 | F12: =E12*60 -> 63 | G12: 0.96 | H12: =G12*60 -> 57.6 | I12: 0 | K12: 0 | M12: 48 | N12: 24 | O12: 5 | P12: 8 | Q12: =O12*P12*J12 -> 0 | R12: 0 | S12: Gas | T12: BARRANQUILLA 4 | U12: =_xlfn.XLOOKUP(T12,Detalle_Unidades!F9:F555,Detalle_Unidades!A9:A555) -> TBQ4
A13: FLORES 1 GAS | B13: SubArea Atlantico | C13: 45 | D13: 119 | E13: 2 | F13: =E13*60 -> 120 | G13: 0.5 | H13: =G13*60 -> 30 | I13: 0 | K13: 0 | M13: 8 | N13: 4 | O13: 5 | P13: 0.75 | Q13: =O13*P13*J13 -> 0 | R13: 0 | S13: Gas | T13: FLORES I CC | U13: =_xlfn.XLOOKUP(T13,Detalle_Unidades!F10:F556,Detalle_Unidades!A10:A556) -> TFL1
A14: FLORES 1 VAPOR | B14: SubArea Atlantico | C14: 20 | D14: 46 | E14: 1.5 | F14: =E14*60 -> 90 | G14: 0.1 | H14: =G14*60 -> 6 | I14: 0 | K14: 0 | M14: 8 | N14: 4 | O14: 10 | P14: 0.75 | Q14: =O14*P14*J14 -> 0 | R14: 0 | S14: Gas | T14: FLORES I CC | U14: =_xlfn.XLOOKUP(T14,Detalle_Unidades!F11:F557,Detalle_Unidades!A11:A557) -> TFL1
A15: FLORES 2 | B15: SubArea Atlantico | C15: 80 | D15: 120 | E15: 2 | F15: =E15*60 -> 120 | G15: 0.4 | H15: =G15*60 -> 24 | I15: 0 | K15: 0 | M15: 16 | N15: 4 | O15: 5 | P15: 0.75 | Q15: =O15*P15*J15 -> 0 | R15: 0 | S15: Gas | T15: FLORES 4 CC | U15: =_xlfn.XLOOKUP(T15,Detalle_Unidades!F12:F558,Detalle_Unidades!A12:A558) -> TFL4
A16: FLORES 3 | B16: SubArea Atlantico | C16: 60 | D16: 169 | E16: 2 | F16: =E16*60 -> 120 | G16: 0.77 | H16: =G16*60 -> 46.2 | I16: 0 | K16: 0 | M16: 16 | N16: 4 | O16: 5 | P16: 0.75 | Q16: =O16*P16*J16 -> 0 | R16: 0 | S16: Gas | T16: FLORES 4 CC | U16: =_xlfn.XLOOKUP(T16,Detalle_Unidades!F13:F559,Detalle_Unidades!A13:A559) -> TFL4
A17: FLORES 4 | B17: SubArea Atlantico | C17: 40 | D17: 164 | E17: 0 | F17: =E17*60 -> 0 | G17: 0 | H17: =G17*60 -> 0 | I17: 0 | K17: 0 | M17: 16 | N17: 4 | O17: 5 | P17: 0.75 | Q17: =O17*P17*J17 -> 0 | R17: 0 | S17: Gas | T17: FLORES 4 CC | U17: =_xlfn.XLOOKUP(T17,Detalle_Unidades!F14:F560,Detalle_Unidades!A14:A560) -> TFL4
A18: TEBSA 11 | B18: SubArea Atlantico | C18: 50 | D18: 97 | E18: 4.17 | F18: =E18*60 -> 250.2 | G18: 4.07 | H18: =G18*60 -> 244.2 | I18: 0 | K18: 0 | M18: 8 | N18: 8 | O18: 10 | P18: 1 | Q18: =O18*P18*J18 -> 0 | R18: 0 | S18: Gas | T18: TEBSAB CC | U18: =_xlfn.XLOOKUP(T18,Detalle_Unidades!F15:F561,Detalle_Unidades!A15:A561) -> TBST
A19: TEBSA 12 | B19: SubArea Atlantico | C19: 50 | D19: 97 | E19: 4.18 | F19: =E19*60 -> 250.8 | G19: 4.07 | H19: =G19*60 -> 244.2 | I19: 0 | K19: 0 | M19: 8 | N19: 8 | O19: 10 | P19: 1 | Q19: =O19*P19*J19 -> 0 | R19: 0 | S19: Gas | T19: TEBSAB CC | U19: =_xlfn.XLOOKUP(T19,Detalle_Unidades!F16:F562,Detalle_Unidades!A16:A562) -> TBST
A20: TEBSA 13 | B20: SubArea Atlantico | C20: 50 | D20: 97 | E20: 4.16 | F20: =E20*60 -> 249.6 | G20: 4.19 | H20: =G20*60 -> 251.4 | I20: 0 | K20: 0 | M20: 8 | N20: 8 | O20: 10 | P20: 1 | Q20: =O20*P20*J20 -> 0 | R20: 0 | S20: Gas | T20: TEBSAB CC | U20: =_xlfn.XLOOKUP(T20,Detalle_Unidades!F17:F563,Detalle_Unidades!A17:A563) -> TBST
A21: TEBSA 14 | B21: SubArea Atlantico | C21: 82.5 | D21: 166 | E21: 1.90625 | F21: =E21*60 -> 114.375 | G21: 1 | H21: =G21*60 -> 60 | I21: 0 | K21: 0 | M21: 72 | N21: 72 | O21: 3 | P21: 6 | Q21: =O21*P21*J21 -> 0 | R21: 0 | S21: Gas | T21: TEBSAB CC | U21: =_xlfn.XLOOKUP(T21,Detalle_Unidades!F18:F564,Detalle_Unidades!A18:A564) -> TBST
A22: TEBSA 21 | B22: SubArea Atlantico | C22: 50 | D22: 97 | E22: 4.17 | F22: =E22*60 -> 250.2 | G22: 4.26 | H22: =G22*60 -> 255.6 | I22: 0 | K22: 0 | M22: 8 | N22: 8 | O22: 10 | P22: 1 | Q22: =O22*P22*J22 -> 0 | R22: 0 | S22: Gas | T22: TEBSAB CC | U22: =_xlfn.XLOOKUP(T22,Detalle_Unidades!F19:F565,Detalle_Unidades!A19:A565) -> TBST
A23: TEBSA 22 | B23: SubArea Atlantico | C23: 50 | D23: 97 | E23: 4.32 | F23: =E23*60 -> 259.2 | G23: 4.53 | H23: =G23*60 -> 271.8 | I23: 0 | K23: 0 | M23: 8 | N23: 8 | O23: 10 | P23: 1 | Q23: =O23*P23*J23 -> 0 | R23: 0 | S23: Gas | T23: TEBSAB CC | U23: =_xlfn.XLOOKUP(T23,Detalle_Unidades!F20:F566,Detalle_Unidades!A20:A566) -> TBST
... A80: TERMOVALLE 1 VAPOR | B80: SubArea Valle | C80: 35 | D80: 74 | E80: 1 | F80: =E80*60 -> 60 | G80: 4 | H80: =G80*60 -> 240 | I80: 0 | K80: 0 | M80: 10 | N80: 4 | O80: 10 | P80: 0.75 | Q80: =O80*P80*J80 -> 0 | R80: 0 | S80: ACPM | T80: TERMOVALLE CC | U80: =_xlfn.XLOOKUP(T80,Detalle_Unidades!F77:F623,Detalle_Unidades!A77:A623) -> TVL1

Sheet Hidraulica_01
A1: Hidraulicos - Unidades hidraulicas y embalses
A2: Vacia si el sistema no tiene hidraulica. Embalse: vol_min/max/ini. | J2: ='[1]02_POR_ENTIDAD'!$B$2/'[2]02_POR_ENTIDAD'!$B$2 -> 0.5973132
A4: id | B4: nodo | C4: Pmin | D4: Pmax | E4: qmin | F4: qmax | G4: eta | H4: Vmin | I4: Vmax | J4: Vinit | K4: Smax | L4: costo | M4: Pmin_PARATEC | N4: Planta | O4: codigo | P4: Latitud | Q4: Longitud
C5: MW | D5: MW | E5: m3/s | F5: m3/s | G5: MW/(m3/s) | H5: hm3 | I5: hm3 | J5: hm3 | K5: m3/s | L5: $/MWh | M5: MW | P5: ° | Q5: °
A6: CARLOS LLERAS 1 | B6: SubArea Antioquia | C6: 0 | D6: 39 | E6: =C6/G6 -> 0 | F6: =D6/G6 -> 32.370518 | G6: =_xlfn.XLOOKUP(N6,[3]Phidráulica!$A$10:$A$166,[3]Phidráulica!$J$10:$J$166) -> 1,2048 | H6: 0 | I6: =IFERROR(_xlfn.XLOOKUP(N6,[4]Información_Técnica!$A$7:$A$35,[4]Información_Técnica!$F$7:$F$35),0) -> 0 | J6: =H6+1/1*(I6-H6) -> 0 | K6: 0 | M6: 15.6 | N6: CARLOS LLERAS | O6: =_xlfn.XLOOKUP(N6,Detalle_Unidades!F2:F548,Detalle_Unidades!A2:A548) -> CLL1
A7: CARLOS LLERAS 2 | B7: SubArea Antioquia | C7: 0 | D7: 39 | E7: =C7/G7 -> 0 | F7: =D7/G7 -> 32.370518 | G7: =_xlfn.XLOOKUP(N7,[3]Phidráulica!$A$10:$A$166,[3]Phidráulica!$J$10:$J$166) -> 1,2048 | H7: 0 | I7: =IFERROR(_xlfn.XLOOKUP(N7,[4]Información_Técnica!$A$7:$A$35,[4]Información_Técnica!$F$7:$F$35),0) -> 0 | J7: =H7+1/1*(I7-H7) -> 0 | K7: 0 | M7: 15.6 | N7: CARLOS LLERAS | O7: =_xlfn.XLOOKUP(N7,Detalle_Unidades!F3:F549,Detalle_Unidades!A3:A549) -> CLL1
A8: ESCUELA DE MINAS 1 | B8: SubArea Antioquia | C8: 0 | D8: 19 | E8: =C8/G8 -> 0 | F8: =D8/G8 -> 11.852776 | G8: =_xlfn.XLOOKUP(N8,[3]Phidráulica!$A$10:$A$166,[3]Phidráulica!$J$10:$J$166) -> 1,603 | H8: 0 | I8: =IFERROR(_xlfn.XLOOKUP(N8,[4]Información_Técnica!$A$7:$A$35,[4]Información_Técnica!$F$7:$F$35),0) -> 0 | J8: =H8+1/1*(I8-H8) -> 0 | K8: 0 | M8: 8 | N8: ESCUELA DE MINAS | O8: =_xlfn.XLOOKUP(N8,Detalle_Unidades!F4:F550,Detalle_Unidades!A4:A550) -> HMIN
A9: ESCUELA DE MINAS 2 | B9: SubArea Antioquia | C9: 0 | D9: 18 | E9: =C9/G9 -> 0 | F9: =D9/G9 -> 11.228946 | G9: =_xlfn.XLOOKUP(N9,[3]Phidráulica!$A$10:$A$166,[3]Phidráulica!$J$10:$J$166) -> 1,603 | H9: 0 | I9: =IFERROR(_xlfn.XLOOKUP(N9,[4]Información_Técnica!$A$7:$A$35,[4]Información_Técnica!$F$7:$F$35),0) -> 0 | J9: =H9+1/1*(I9-H9) -> 0 | K9: 0 | M9: 8 | N9: ESCUELA DE MINAS | O9: =_xlfn.XLOOKUP(N9,Detalle_Unidades!F5:F551,Detalle_Unidades!A5:A551) -> HMIN
A10: ESCUELA DE MINAS 3 | B10: SubArea Antioquia | C10: 0 | D10: 18 | E10: =C10/G10 -> 0 | F10: =D10/G10 -> 11.228946 | G10: =_xlfn.XLOOKUP(N10,[3]Phidráulica!$A$10:$A$166,[3]Phidráulica!$J$10:$J$166) -> 1,603 | H10: 0 | I10: =IFERROR(_xlfn.XLOOKUP(N10,[4]Información_Técnica!$A$7:$A$35,[4]Información_Técnica!$F$7:$F$35),0) -> 0 | J10: =H10+1/1*(I10-H10) -> 0 | K10: 0 | M10: 8 | N10: ESCUELA DE MINAS | O10: =_xlfn.XLOOKUP(N10,Detalle_Unidades!F6:F552,Detalle_Unidades!A6:A552) -> HMIN
A11: GUADALUPE 31 | B11: SubArea Antioquia | C11: 0 | D11: 45 | E11: =C11/G11 -> 0 | F11: =D11/G11 -> 9.7497563 | G11: =_xlfn.XLOOKUP(N11,[3]Phidráulica!$A$10:$A$166,[3]Phidráulica!$J$10:$J$166) -> 4,6155 | H11: 0 | I11: =IFERROR(_xlfn.XLOOKUP(N11,[4]Información_Técnica!$A$7:$A$35,[4]Información_Técnica!$F$7:$F$35),0) -> 0 | J11: =H11+1/1*(I11-H11) -> 0 | K11: 0 | M11: 0 | N11: GUADALUPE III | O11: =_xlfn.XLOOKUP(N11,Detalle_Unidades!F7:F553,Detalle_Unidades!A7:A553) -> 0
A12: GUADALUPE 32 | B12: SubArea Antioquia | C12: 0 | D12: 45 | E12: =C12/G12 -> 0 | F12: =D12/G12 -> 9.7497563 | G12: =_xlfn.XLOOKUP(N12,[3]Phidráulica!$A$10:$A$166,[3]Phidráulica!$J$10:$J$166) -> 4,6155 | H12: 0 | I12: =IFERROR(_xlfn.XLOOKUP(N12,[4]Información_Técnica!$A$7:$A$35,[4]Información_Técnica!$F$7:$F$35),0) -> 0 | J12: =H12+1/1*(I12-H12) -> 0 | K12: 0 | M12: 0 | N12: GUADALUPE III | O12: =_xlfn.XLOOKUP(N12,Detalle_Unidades!F8:F554,Detalle_Unidades!A8:A554) -> 0
A13: GUADALUPE 33 | B13: SubArea Antioquia | C13: 0 | D13: 45 | E13: =C13/G13 -> 0 | F13: =D13/G13 -> 9.7497563 | G13: =_xlfn.XLOOKUP(N13,[3]Phidráulica!$A$10:$A$166,[3]Phidráulica!$J$10:$J$166) -> 4,6155 | H13: 0 | I13: =IFERROR(_xlfn.XLOOKUP(N13,[4]Información_Técnica!$A$7:$A$35,[4]Información_Técnica!$F$7:$F$35),0) -> 0 | J13: =H13+1/1*(I13-H13) -> 0 | K13: 0 | M13: 0 | N13: GUADALUPE III | O13: =_xlfn.XLOOKUP(N13,Detalle_Unidades!F9:F555,Detalle_Unidades!A9:A555) -> 0
A14: GUADALUPE 34 | B14: SubArea Antioquia | C14: 0 | D14: 45 | E14: =C14/G14 -> 0 | F14: =D14/G14 -> 9.7497563 | G14: =_xlfn.XLOOKUP(N14,[3]Phidráulica!$A$10:$A$166,[3]Phidráulica!$J$10:$J$166) -> 4,6155 | H14: 0 | I14: =IFERROR(_xlfn.XLOOKUP(N14,[4]Información_Técnica!$A$7:$A$35,[4]Información_Técnica!$F$7:$F$35),0) -> 0 | J14: =H14+1/1*(I14-H14) -> 0 | K14: 0 | M14: 0 | N14: GUADALUPE III | O14: =_xlfn.XLOOKUP(N14,Detalle_Unidades!F10:F556,Detalle_Unidades!A10:A556) -> 0
A15: GUADALUPE 35 | B15: SubArea Antioquia | C15: 0 | D15: 45 | E15: =C15/G15 -> 0 | F15: =D15/G15 -> 9.7497563 | G15: =_xlfn.XLOOKUP(N15,[3]Phidráulica!$A$10:$A$166,[3]Phidráulica!$J$10:$J$166) -> 4,6155 | H15: 0 | I15: =IFERROR(_xlfn.XLOOKUP(N15,[4]Información_Técnica!$A$7:$A$35,[4]Información_Técnica!$F$7:$F$35),0) -> 0 | J15: =H15+1/1*(I15-H15) -> 0 | K15: 0 | M15: 0 | N15: GUADALUPE III | O15: =_xlfn.XLOOKUP(N15,Detalle_Unidades!F11:F557,Detalle_Unidades!A11:A557) -> 0
A16: GUADALUPE 36 | B16: SubArea Antioquia | C16: 0 | D16: 45 | E16: =C16/G16 -> 0 | F16: =D16/G16 -> 9.7497563 | G16: =_xlfn.XLOOKUP(N16,[3]Phidráulica!$A$10:$A$166,[3]Phidráulica!$J$10:$J$166) -> 4,6155 | H16: 0 | I16: =IFERROR(_xlfn.XLOOKUP(N16,[4]Información_Técnica!$A$7:$A$35,[4]Información_Técnica!$F$7:$F$35),0) -> 0 | J16: =H16+1/1*(I16-H16) -> 0 | K16: 0 | M16: 0 | N16: GUADALUPE III | O16: =_xlfn.XLOOKUP(N16,Detalle_Unidades!F12:F558,Detalle_Unidades!A12:A558) -> 0
A17: GUADALUPE 41 | B17: SubArea Antioquia | C17: 0 | D17: 75 | E17: =C17/G17 -> 0 | F17: =D17/G17 -> 20.546256 | G17: =_xlfn.XLOOKUP(N17,[3]Phidráulica!$A$10:$A$166,[3]Phidráulica!$J$10:$J$166) -> 3,6503 | H17: 0 | I17: =IFERROR(_xlfn.XLOOKUP(N17,[4]Información_Técnica!$A$7:$A$35,[4]Información_Técnica!$F$7:$F$35),0) -> 0 | J17: =H17+1/1*(I17-H17) -> 0 | K17: 0 | M17: 35 | N17: GUADALUPE IV | O17: =_xlfn.XLOOKUP(N17,Detalle_Unidades!F13:F559,Detalle_Unidades!A13:A559) -> 0
... A124: SALVAJINA 3 | B124: SubArea Valle | C124: 0 | D124: 95 | E124: =C124/G124 -> 0 | F124: =D124/G124 -> 110.324 | G124: =_xlfn.XLOOKUP(N124,[3]Phidráulica!$A$10:$A$166,[3]Phidráulica!$J$10:$J$166) -> 0,8611 | H124: 0 | I124: =IFERROR(_xlfn.XLOOKUP(N124,[4]Información_Técnica!$A$7:$A$35,[4]Información_Técnica!$F$7:$F$35),0) -> 91,45 | J124: =H124+1/1*(I124-H124) -> 91.45 | K124: 0 | M124: 30 | N124: SALVAJINA | O124: =_xlfn.XLOOKUP(N124,Detalle_Unidades!F120:F666,Detalle_Unidades!A120:A666) -> SLVJ

Sheet Hidraulica_02
A1: Hidraulicos - Unidades hidraulicas y embalses | F1: Fecha | G1: 46209
A2: Vacia si el sistema no tiene hidraulica. Embalse: vol_min/max/ini.
A4: id | B4: nodo | C4: Pmin | D4: Pmax | E4: qmin | F4: qmax | G4: eta | H4: Vmin | I4: Vmax | J4: Vinit | K4: Smax | L4: costo | M4: Pmin_PARATEC | N4: Planta | O4: codigo | P4: Latitud | Q4: Longitud
C5: MW | D5: MW | E5: m3/s | F5: m3/s | G5: MW/(m3/s) | H5: hm3 | I5: hm3 | J5: hm3 | K5: m3/s | L5: $/MWh | M5: MW | P5: ° | Q5: °
A6: CARLOS LLERAS 1 | B6: SubArea Antioquia | C6: 0 | D6: 39 | E6: =C6/G6 -> 0 | F6: =D6/G6 -> 32.370518 | G6: 1.2048 | H6: 0 | I6: 0 | J6: =H6+1/1*(I6-H6) -> 0 | K6: 0 | M6: 15.6 | N6: CARLOS LLERAS | O6: CLL1
A7: CARLOS LLERAS 2 | B7: SubArea Antioquia | C7: 0 | D7: 39 | E7: 0 | F7: =D7/G7 -> 32.370518 | G7: 1.2048 | H7: 0 | I7: 0 | J7: =H7+1/1*(I7-H7) -> 0 | K7: 0 | M7: 15.6 | N7: CARLOS LLERAS | O7: CLL1
A8: ESCUELA DE MINAS 1 | B8: SubArea Antioquia | C8: 0 | D8: 19 | E8: 0 | F8: =D8/G8 -> 11.852776 | G8: 1.603 | H8: 0 | I8: 0 | J8: =H8+1/1*(I8-H8) -> 0 | K8: 0 | M8: 8 | N8: ESCUELA DE MINAS | O8: HMIN
A9: ESCUELA DE MINAS 2 | B9: SubArea Antioquia | C9: 0 | D9: 18 | E9: 0 | F9: =D9/G9 -> 11.228946 | G9: 1.603 | H9: 0 | I9: 0 | J9: =H9+1/1*(I9-H9) -> 0 | K9: 0 | M9: 8 | N9: ESCUELA DE MINAS | O9: HMIN
A10: ESCUELA DE MINAS 3 | B10: SubArea Antioquia | C10: 0 | D10: 18 | E10: 0 | F10: =D10/G10 -> 11.228946 | G10: 1.603 | H10: 0 | I10: 0 | J10: =H10+1/1*(I10-H10) -> 0 | K10: 0 | M10: 8 | N10: ESCUELA DE MINAS | O10: HMIN
A11: GUADALUPE 31 | B11: SubArea Antioquia | C11: 0 | D11: 45 | E11: 0 | F11: =D11/G11 -> 9.7497563 | G11: 4.6155 | H11: 0 | I11: 0 | J11: =H11+1/1*(I11-H11) -> 0 | K11: 0 | M11: 0 | N11: GUADALUPE III | O11: 0
A12: GUADALUPE 32 | B12: SubArea Antioquia | C12: 0 | D12: 45 | E12: 0 | F12: =D12/G12 -> 9.7497563 | G12: 4.6155 | H12: 0 | I12: 0 | J12: =H12+1/1*(I12-H12) -> 0 | K12: 0 | M12: 0 | N12: GUADALUPE III | O12: 0
A13: GUADALUPE 33 | B13: SubArea Antioquia | C13: 0 | D13: 45 | E13: 0 | F13: =D13/G13 -> 9.7497563 | G13: 4.6155 | H13: 0 | I13: 0 | J13: =H13+1/1*(I13-H13) -> 0 | K13: 0 | M13: 0 | N13: GUADALUPE III | O13: 0
A14: GUADALUPE 34 | B14: SubArea Antioquia | C14: 0 | D14: 45 | E14: 0 | F14: =D14/G14 -> 9.7497563 | G14: 4.6155 | H14: 0 | I14: 0 | J14: =H14+1/1*(I14-H14) -> 0 | K14: 0 | M14: 0 | N14: GUADALUPE III | O14: 0
A15: GUADALUPE 35 | B15: SubArea Antioquia | C15: 0 | D15: 45 | E15: 0 | F15: =D15/G15 -> 9.7497563 | G15: 4.6155 | H15: 0 | I15: 0 | J15: =H15+1/1*(I15-H15) -> 0 | K15: 0 | M15: 0 | N15: GUADALUPE III | O15: 0
A16: GUADALUPE 36 | B16: SubArea Antioquia | C16: 0 | D16: 45 | E16: 0 | F16: =D16/G16 -> 9.7497563 | G16: 4.6155 | H16: 0 | I16: 0 | J16: =H16+1/1*(I16-H16) -> 0 | K16: 0 | M16: 0 | N16: GUADALUPE III | O16: 0
A17: GUADALUPE 41 | B17: SubArea Antioquia | C17: 0 | D17: 75 | E17: 0 | F17: =D17/G17 -> 20.546256 | G17: 3.6503 | H17: 0 | I17: 0 | J17: =H17+1/1*(I17-H17) -> 0 | K17: 0 | M17: 35 | N17: GUADALUPE IV | O17: 0
A18: GUADALUPE 42 | B18: SubArea Antioquia | C18: 0 | D18: 75 | E18: 0 | F18: =D18/G18 -> 20.546256 | G18: 3.6503 | H18: 0 | I18: 0 | J18: =H18+1/1*(I18-H18) -> 0 | K18: 0 | M18: 35 | N18: GUADALUPE IV | O18: 0
A19: GUADALUPE 43 | B19: SubArea Antioquia | C19: 0 | D19: 75 | E19: 0 | F19: =D19/G19 -> 20.546256 | G19: 3.6503 | H19: 0 | I19: 0 | J19: =H19+1/1*(I19-H19) -> 0 | K19: 0 | M19: 35 | N19: GUADALUPE IV | O19: 0
A20: GUATAPE 1 | B20: SubArea Antioquia | C20: 0 | D20: 70 | E20: 0 | F20: =D20/G20 -> 9.6975742 | G20: 7.2183 | H20: 0 | I20: 0 | J20: =H20+1/1*(I20-H20) -> 0 | K20: 0 | M20: 0 | N20: GUATAPE | O20: GTPE
A21: GUATAPE 2 | B21: SubArea Antioquia | C21: 0 | D21: 70 | E21: 0 | F21: =D21/G21 -> 9.6975742 | G21: 7.2183 | H21: 0 | I21: 0 | J21: =H21+1/1*(I21-H21) -> 0 | K21: 0 | M21: 0 | N21: GUATAPE | O21: GTPE
A22: GUATAPE 3 | B22: SubArea Antioquia | C22: 0 | D22: 70 | E22: 0 | F22: =D22/G22 -> 9.6975742 | G22: 7.2183 | H22: 0 | I22: 0 | J22: =H22+1/1*(I22-H22) -> 0 | K22: 0 | M22: 0 | N22: GUATAPE | O22: GTPE
A23: GUATAPE 4 | B23: SubArea Antioquia | C23: 0 | D23: 70 | E23: 0 | F23: =D23/G23 -> 9.6975742 | G23: 7.2183 | H23: 0 | I23: 0 | J23: =H23+1/1*(I23-H23) -> 0 | K23: 0 | M23: 0 | N23: GUATAPE | O23: GTPE
A24: GUATAPE 5 | B24: SubArea Antioquia | C24: 0 | D24: 70 | E24: 0 | F24: =D24/G24 -> 9.6975742 | G24: 7.2183 | H24: 0 | I24: 0 | J24: =H24+1/1*(I24-H24) -> 0 | K24: 0 | M24: 0 | N24: GUATAPE | O24: GTPE
A25: GUATAPE 6 | B25: SubArea Antioquia | C25: 0 | D25: 70 | E25: 0 | F25: =D25/G25 -> 9.6975742 | G25: 7.2183 | H25: 0 | I25: 0 | J25: =H25+1/1*(I25-H25) -> 0 | K25: 0 | M25: 0 | N25: GUATAPE | O25: GTPE
A26: GUATAPE 7 | B26: SubArea Antioquia | C26: 0 | D26: 70 | E26: 0 | F26: =D26/G26 -> 9.6975742 | G26: 7.2183 | H26: 0 | I26: 0 | J26: =H26+1/1*(I26-H26) -> 0 | K26: 0 | M26: 0 | N26: GUATAPE | O26: GTPE
A27: GUATAPE 8 | B27: SubArea Antioquia | C27: 0 | D27: 70 | E27: 0 | F27: =D27/G27 -> 9.6975742 | G27: 7.2183 | H27: 0 | I27: 0 | J27: =H27+1/1*(I27-H27) -> 0 | K27: 0 | M27: 0 | N27: GUATAPE | O27: GTPE
A28: ITUANGO 1 | B28: SubArea Antioquia | C28: 0 | D28: 300 | E28: 0 | F28: =D28/G28 -> 173.79214 | G28: 1.7262 | H28: 0 | I28: 1299 | J28: =H28+1/1*(I28-H28) -> 1299 | K28: 0 | M28: 154 | N28: ITUANGO | O28: PES1
A29: ITUANGO 2 | B29: SubArea Antioquia | C29: 0 | D29: 300 | E29: 0 | F29: =D29/G29 -> 173.79214 | G29: 1.7262 | H29: 0 | I29: 1299 | J29: =H29+1/1*(I29-H29) -> 1299 | K29: 0 | M29: 154 | N29: ITUANGO | O29: PES1
A30: ITUANGO 3 | B30: SubArea Antioquia | C30: 0 | D30: 300 | E30: 0 | F30: =D30/G30 -> 173.79214 | G30: 1.7262 | H30: 0 | I30: 1299 | J30: =H30+1/1*(I30-H30) -> 1299 | K30: 0 | M30: 154 | N30: ITUANGO | O30: PES1
A31: ITUANGO 4 | B31: SubArea Antioquia | C31: 0 | D31: 300 | E31: 0 | F31: =D31/G31 -> 173.79214 | G31: 1.7262 | H31: 0 | I31: 1299 | J31: =H31+1/1*(I31-H31) -> 1299 | K31: 0 | M31: 154 | N31: ITUANGO | O31: PES1
... A56: SAN MIGUEL 2 | B56: SubArea Antioquia | C56: 0 | D56: 25 | E56: 0 | F56: =D56/G56 -> 16.741445 | G56: 1.4933 | H56: 0 | I56: 0 | J56: =H56+1/1*(I56-H56) -> 0 | K56: 0 | M56: 9.45 | N56: SAN MIGUEL | O56: SMI1
A57: TRONERAS 1 | B57: SubArea Antioquia | C57: 0 | D57: 20 | E57: 0 | F57: =D57/G57 -> 30.152269 | G57: 0.6633 | H57: 0 | I57: 8.45 | J57: =H57+1/1*(I57-H57) -> 8.45 | K57: 0 | M57: 1 | N57: TRONERAS | O57: 0
A58: TRONERAS 2 | B58: SubArea Antioquia | C58: 0 | D58: 20 | E58: 0 | F58: =D58/G58 -> 30.152269 | G58: 0.6633 | H58: 0 | I58: 8.45 | J58: =H58+1/1*(I58-H58) -> 8.45 | K58: 0 | M58: 0 | N58: TRONERAS | O58: 0
A59: CHIVOR 1 | B59: SubArea Bogota | C59: 0 | D59: 125 | E59: 0 | F59: =D59/G59 -> 17.899847 | G59: 6.9833 | H59: 0 | I59: 0 | J59: =H59+1/1*(I59-H59) -> 0 | K59: 0 | M59: 10 | N59: CHIVOR | O59: CHVR
A60: CHIVOR 2 | B60: SubArea Bogota | C60: 0 | D60: 125 | E60: 0 | F60: =D60/G60 -> 17.899847 | G60: 6.9833 | H60: 0 | I60: 0 | J60: =H60+1/1*(I60-H60) -> 0 | K60: 0 | M60: 10 | N60: CHIVOR | O60: CHVR
A61: CHIVOR 3 | B61: SubArea Bogota | C61: 0 | D61: 125 | E61: 0 | F61: =D61/G61 -> 17.899847 | G61: 6.9833 | H61: 0 | I61: 0 | J61: =H61+1/1*(I61-H61) -> 0 | K61: 0 | M61: 10 | N61: CHIVOR | O61: CHVR
A62: CHIVOR 4 | B62: SubArea Bogota | C62: 0 | D62: 125 | E62: 0 | F62: =D62/G62 -> 17.899847 | G62: 6.9833 | H62: 0 | I62: 0 | J62: =H62+1/1*(I62-H62) -> 0 | K62: 0 | M62: 10 | N62: CHIVOR | O62: CHVR
A63: CHIVOR 5 | B63: SubArea Bogota | C63: 0 | D63: 125 | E63: 0 | F63: =D63/G63 -> 17.899847 | G63: 6.9833 | H63: 0 | I63: 0 | J63: =H63+1/1*(I63-H63) -> 0 | K63: 0 | M63: 10 | N63: CHIVOR | O63: CHVR
A64: CHIVOR 6 | B64: SubArea Bogota | C64: 0 | D64: 125 | E64: 0 | F64: =D64/G64 -> 17.899847 | G64: 6.9833 | H64: 0 | I64: 0 | J64: =H64+1/1*(I64-H64) -> 0 | K64: 0 | M64: 10 | N64: CHIVOR | O64: CHVR
A65: CHIVOR 7 | B65: SubArea Bogota | C65: 0 | D65: 125 | E65: 0 | F65: =D65/G65 -> 17.899847 | G65: 6.9833 | H65: 0 | I65: 0 | J65: =H65+1/1*(I65-H65) -> 0 | K65: 0 | M65: 10 | N65: CHIVOR | O65: CHVR
A66: CHIVOR 8 | B66: SubArea Bogota | C66: 0 | D66: 125 | E66: 0 | F66: =D66/G66 -> 17.899847 | G66: 6.9833 | H66: 0 | I66: 0 | J66: =H66+1/1*(I66-H66) -> 0 | K66: 0 | M66: 10 | N66: CHIVOR | O66: CHVR
A67: DARIO VALENCIA SAMPER 1 | B67: SubArea Bogota | C67: 0 | D67: 50 | E67: 0 | F67: =D67/G67 -> 6.2728961 | G67: 7.9708 | H67: 0 | I67: 0 | J67: =H67+1/1*(I67-H67) -> 0 | K67: 0 | M67: 5 | N67: DARIO VALENCIA SAMPER | O67: DVS1
A68: DARIO VALENCIA SAMPER 2 | B68: SubArea Bogota | C68: 0 | D68: 50 | E68: 0 | F68: =D68/G68 -> 6.2728961 | G68: 7.9708 | H68: 0 | I68: 0 | J68: =H68+1/1*(I68-H68) -> 0 | K68: 0 | M68: 30 | N68: DARIO VALENCIA SAMPER | O68: DVS1
A69: DARIO VALENCIA SAMPER 5 | B69: SubArea Bogota | C69: 0 | D69: 50 | E69: 0 | F69: =D69/G69 -> 6.2728961 | G69: 7.9708 | H69: 0 | I69: 0 | J69: =H69+1/1*(I69-H69) -> 0 | K69: 0 | M69: 5 | N69: DARIO VALENCIA SAMPER | O69: DVS1
A70: GUAVIO 1 | B70: SubArea Bogota | C70: 0 | D70: 250 | E70: 0 | F70: =D70/G70 -> 25.391795 | G70: 9.8457 | H70: 0 | I70: 18.47 | J70: =H70+1/1*(I70-H70) -> 18.47 | K70: 0 | M70: 60 | N70: GUAVIO | O70: GVIO
... A74: GUAVIO 5 | B74: SubArea Bogota | C74: 0 | D74: 250 | E74: 0 | F74: =D74/G74 -> 25.391795 | G74: 9.8457 | H74: 0 | I74: 18.47 | J74: =H74+1/1*(I74-H74) -> 18.47 | K74: 0 | M74: 60 | N74: GUAVIO | O74: GVIO
A75: LA GUACA 1 | B75: SubArea Bogota | C75: 0 | D75: 108 | E75: 0 | F75: =D75/G75 -> 12.473724 | G75: 8.6582 | H75: 0 | I75: 0 | J75: =H75+1/1*(I75-H75) -> 0 | K75: 0 | M75: 40 | N75: LA GUACA | O75: 0
A76: LA GUACA 2 | B76: SubArea Bogota | C76: 0 | D76: 108 | E76: 0 | F76: =D76/G76 -> 12.473724 | G76: 8.6582 | H76: 0 | I76: 0 | J76: =H76+1/1*(I76-H76) -> 0 | K76: 0 | M76: 40 | N76: LA GUACA | O76: 0
A77: LA GUACA 3 | B77: SubArea Bogota | C77: 0 | D77: 108 | E77: 0 | F77: =D77/G77 -> 12.473724 | G77: 8.6582 | H77: 0 | I77: 0 | J77: =H77+1/1*(I77-H77) -> 0 | K77: 0 | M77: 40 | N77: LA GUACA | O77: 0
A78: PARAISO 1 | B78: SubArea Bogota | C78: 0 | D78: 92 | E78: 0 | F78: =D78/G78 -> 12.478806 | G78: 7.3725 | H78: 0 | I78: 0 | J78: =H78+1/1*(I78-H78) -> 0 | K78: 0 | M78: 34 | N78: PARAISO | O78: 0
A79: PARAISO 2 | B79: SubArea Bogota | C79: 0 | D79: 92 | E79: 0 | F79: =D79/G79 -> 12.478806 | G79: 7.3725 | H79: 0 | I79: 0 | J79: =H79+1/1*(I79-H79) -> 0 | K79: 0 | M79: 34 | N79: PARAISO | O79: 0
A80: PARAISO 3 | B80: SubArea Bogota | C80: 0 | D80: 92 | E80: 0 | F80: =D80/G80 -> 12.478806 | G80: 7.3725 | H80: 0 | I80: 0 | J80: =H80+1/1*(I80-H80) -> 0 | K80: 0 | M80: 34 | N80: PARAISO | O80: 0
A81: SALTO II 2 | B81: SubArea Bogota | C81: 0 | D81: 35 | E81: 0 | F81: =D81/G81 -> 10.374674 | G81: 3.3736 | H81: 0 | I81: 0 | J81: =H81+1/1*(I81-H81) -> 0 | K81: 0 | M81: 5 | N81: SALTO II | O81: 2QEK
A82: TUNJITA 1 | B82: SubArea Bogota | C82: 0 | D82: 10 | E82: 0 | F82: =D82/G82 -> 4.0559724 | G82: 2.4655 | H82: 0 | I82: 0 | J82: =H82+1/1*(I82-H82) -> 0 | K82: 0 | M82: 4.1 | N82: TUNJITA | O82: TUJ1
A83: TUNJITA 2 | B83: SubArea Bogota | C83: 0 | D83: 9 | E83: 0 | F83: =D83/G83 -> 3.6503752 | G83: 2.4655 | H83: 0 | I83: 0 | J83: =H83+1/1*(I83-H83) -> 0 | K83: 0 | M83: 4.1 | N83: TUNJITA | O83: TUJ1
A84: EL QUIMBO 1 | B84: SubArea Cauca-Narino | C84: 0 | D84: 200 | E84: 0 | F84: =D84/G84 -> 181.73557 | G84: 1.1005 | H84: 0 | I84: 453.72 | J84: =H84+1/1*(I84-H84) -> 453.72 | K84: 0 | M84: 0 | N84: EL QUIMBO | O84: QUI1
A85: EL QUIMBO 2 | B85: SubArea Cauca-Narino | C85: 0 | D85: 200 | E85: 0 | F85: =D85/G85 -> 181.73557 | G85: 1.1005 | H85: 0 | I85: 453.72 | J85: =H85+1/1*(I85-H85) -> 453.72 | K85: 0 | M85: 0 | N85: EL QUIMBO | O85: QUI1
A86: URRA 1 | B86: SubArea Cordoba_Sucre | C86: 0 | D86: 83 | E86: 0 | F86: =D86/G86 -> 174.5164 | G86: 0.4756 | H86: 0 | I86: 354.01 | J86: =H86+1/1*(I86-H86) -> 354.01 | K86: 0 | M86: 30 | N86: URRA | O86: URA1
A87: URRA 2 | B87: SubArea Cordoba_Sucre | C87: 0 | D87: 85 | E87: 0 | F87: =D87/G87 -> 178.72161 | G87: 0.4756 | H87: 0 | I87: 354.01 | J87: =H87+1/1*(I87-H87) -> 354.01 | K87: 0 | M87: 30 | N87: URRA | O87: URA1
A88: URRA 3 | B88: SubArea Cordoba_Sucre | C88: 0 | D88: 85 | E88: 0 | F88: =D88/G88 -> 178.72161 | G88: 0.4756 | H88: 0 | I88: 354.01 | J88: =H88+1/1*(I88-H88) -> 354.01 | K88: 0 | M88: 30 | N88: URRA | O88: URA1
A89: URRA 4 | B89: SubArea Cordoba_Sucre | C89: 0 | D89: 85 | E89: 0 | F89: =D89/G89 -> 178.72161 | G89: 0.4756 | H89: 0 | I89: 354.01 | J89: =H89+1/1*(I89-H89) -> 354.01 | K89: 0 | M89: 30 | N89: URRA | O89: URA1
A90: ESMERALDA 1 | B90: SubArea CQR | C90: 0 | D90: 15 | E90: 0 | F90: =D90/G90 -> 11.419871 | G90: 1.3135 | H90: 0 | I90: 67.7 | J90: =H90+1/1*(I90-H90) -> 67.7 | K90: 0 | M90: 0 | N90: ESMERALDA | O90: ESMR
A91: ESMERALDA 2 | B91: SubArea CQR | C91: 0 | D91: 15 | E91: 0 | F91: =D91/G91 -> 11.419871 | G91: 1.3135 | H91: 0 | I91: 67.7 | J91: =H91+1/1*(I91-H91) -> 67.7 | K91: 0 | M91: 0 | N91: ESMERALDA | O91: ESMR
A92: MIEL I 1 | B92: SubArea CQR | C92: 0 | D92: 132 | E92: 0 | F92: =D92/G92 -> 63.8514 | G92: 2.0673 | H92: 0 | I92: 0 | J92: =H92+1/1*(I92-H92) -> 0 | K92: 0 | M92: 20 | N92: MIEL I | O92: HMLG
... A110: SOGAMOSO 3 | B110: SubArea Santander | C110: 0 | D110: 273 | E110: 0 | F110: =D110/G110 -> 195.40477 | G110: 1.3971 | H110: 0 | I110: 0 | J110: =H110+1/1*(I110-H110) -> 0 | K110: 0 | M110: 120 | N110: SOGAMOSO | O110: SOG1
A111: ALTO ANCHICAYA 1 | B111: SubArea Valle | C111: 0 | D111: 115 | E111: 0 | F111: =D111/G111 -> 32.771002 | G111: 3.5092 | H111: 0 | I111: 0 | J111: =H111+1/1*(I111-H111) -> 0 | K111: 0 | M111: 30 | N111: ALTO ANCHICAYA | O111: 0
A112: ALTO ANCHICAYA 2 | B112: SubArea Valle | C112: 0 | D112: 120 | E112: 0 | F112: =D112/G112 -> 34.195828 | G112: 3.5092 | H112: 0 | I112: 0 | J112: =H112+1/1*(I112-H112) -> 0 | K112: 0 | M112: 30 | N112: ALTO ANCHICAYA | O112: 0
A113: ALTO ANCHICAYA 3 | B113: SubArea Valle | C113: 0 | D113: 120 | E113: 0 | F113: =D113/G113 -> 34.195828 | G113: 3.5092 | H113: 0 | I113: 0 | J113: =H113+1/1*(I113-H113) -> 0 | K113: 0 | M113: 30 | N113: ALTO ANCHICAYA | O113: 0
A114: BAJO ANCHICAYA 1 | B114: SubArea Valle | C114: 0 | D114: 12 | E114: 0 | F114: =D114/G114 -> 20.321761 | G114: 0.5905 | H114: 0 | I114: 0 | J114: =H114+1/1*(I114-H114) -> 0 | K114: 0 | M114: 1 | N114: BAJO ANCHICAYA | O114: 0
A115: BAJO ANCHICAYA 2 | B115: SubArea Valle | C115: 0 | D115: 12 | E115: 0 | F115: =D115/G115 -> 20.321761 | G115: 0.5905 | H115: 0 | I115: 0 | J115: =H115+1/1*(I115-H115) -> 0 | K115: 0 | M115: 1 | N115: BAJO ANCHICAYA | O115: 0
A116: BAJO ANCHICAYA 3 | B116: SubArea Valle | C116: 0 | D116: 24 | E116: 0 | F116: =D116/G116 -> 40.643522 | G116: 0.5905 | H116: 0 | I116: 0 | J116: =H116+1/1*(I116-H116) -> 0 | K116: 0 | M116: 3 | N116: BAJO ANCHICAYA | O116: 0
A117: BAJO ANCHICAYA 4 | B117: SubArea Valle | C117: 0 | D117: 24 | E117: 0 | F117: =D117/G117 -> 40.643522 | G117: 0.5905 | H117: 0 | I117: 0 | J117: =H117+1/1*(I117-H117) -> 0 | K117: 0 | M117: 3 | N117: BAJO ANCHICAYA | O117: 0
A118: CALIMA 1 | B118: SubArea Valle | C118: 0 | D118: 33 | E118: 0 | F118: =D118/G118 -> 16.69618 | G118: 1.9765 | H118: 0 | I118: 104.36 | J118: =H118+1/1*(I118-H118) -> 104.36 | K118: 0 | M118: 16 | N118: CALIMA | O118: CLMG
A119: CALIMA 2 | B119: SubArea Valle | C119: 0 | D119: 33 | E119: 0 | F119: =D119/G119 -> 16.69618 | G119: 1.9765 | H119: 0 | I119: 104.36 | J119: =H119+1/1*(I119-H119) -> 104.36 | K119: 0 | M119: 16 | N119: CALIMA | O119: CLMG
A120: CALIMA 3 | B120: SubArea Valle | C120: 0 | D120: 33 | E120: 0 | F120: =D120/G120 -> 16.69618 | G120: 1.9765 | H120: 0 | I120: 104.36 | J120: =H120+1/1*(I120-H120) -> 104.36 | K120: 0 | M120: 16 | N120: CALIMA | O120: CLMG
A121: CALIMA 4 | B121: SubArea Valle | C121: 0 | D121: 33 | E121: 0 | F121: =D121/G121 -> 16.69618 | G121: 1.9765 | H121: 0 | I121: 104.36 | J121: =H121+1/1*(I121-H121) -> 104.36 | K121: 0 | M121: 16 | N121: CALIMA | O121: CLMG
A122: SALVAJINA 1 | B122: SubArea Valle | C122: 0 | D122: 125 | E122: 0 | F122: =D122/G122 -> 145.16316 | G122: 0.8611 | H122: 0 | I122: 91.45 | J122: =H122+1/1*(I122-H122) -> 91.45 | K122: 0 | M122: 30 | N122: SALVAJINA | O122: SLVJ
A123: SALVAJINA 2 | B123: SubArea Valle | C123: 0 | D123: 95 | E123: 0 | F123: =D123/G123 -> 110.324 | G123: 0.8611 | H123: 0 | I123: 91.45 | J123: =H123+1/1*(I123-H123) -> 91.45 | K123: 0 | M123: 30 | N123: SALVAJINA | O123: SLVJ
A124: SALVAJINA 3 | B124: SubArea Valle | C124: 0 | D124: 95 | E124: 0 | F124: =D124/G124 -> 110.324 | G124: 0.8611 | H124: 0 | I124: 91.45 | J124: =H124+1/1*(I124-H124) -> 91.45 | K124: 0 | M124: 30 | N124: SALVAJINA | O124: SLVJ

Sheet Hidraulica_03
A1: Hidraulicos - Unidades hidraulicas y embalses
A2: Vacia si el sistema no tiene hidraulica. Embalse: vol_min/max/ini. | J2: ='[1]02_POR_ENTIDAD'!$B$2/'[2]02_POR_ENTIDAD'!$B$2 -> 0.5973132
A4: id | B4: nodo | C4: Pmin | D4: Pmax | E4: qmin | F4: qmax | G4: eta | H4: Vmin | I4: Vmax | J4: Vinit | K4: Smax | L4: costo | M4: Pmin_PARATEC | N4: Clasificación | O4: codigo | P4: Latitud | Q4: Longitud | R4: Embalse
C5: MW | D5: MW | E5: m3/s | F5: m3/s | G5: MW/(m3/s) | H5: hm3 | I5: Mm3 | J5: hm3 | K5: m3/s | L5: $/MWh | M5: MW | P5: ° | Q5: °
A6: CARLOS LLERAS | B6: SubArea Antioquia | C6: 0 | D6: 78 | E6: =C6/G6 -> 0 | F6: =D6/G6 -> 64.741036 | G6: 1.2048 | H6: 0 | I6: =IF(COUNTIF([4]Información_Técnica!$A$7:$A$35,A6),_xlfn.XLOOKUP(A6,[4]Información_Técnica!$A$7:$A$35,[4]Información_Técnica!$G$7:$G$35),0) -> 0 | J6: =H6+1/1*(I6-H6) -> 0 | K6: 0 | M6: =SUMIF([5]Uhidráulica!$H$8:$H$126,A6&"*",[5]Uhidráulica!$P$8:$P$126) -> #VALUE! | N6: Filo de agua especial | O6: =_xlfn.XLOOKUP(A6,Detalle_Unidades!$F$433:$F$548,Detalle_Unidades!$A$433:$A$548) -> CLL1
A7: ESCUELA DE MINAS | B7: SubArea Antioquia | C7: 0 | D7: 55 | E7: =C7/G7 -> 0 | F7: =D7/G7 -> 34.310667 | G7: 1.603 | H7: 0 | I7: =IF(COUNTIF([4]Información_Técnica!$A$7:$A$35,A7),_xlfn.XLOOKUP(A7,[4]Información_Técnica!$A$7:$A$35,[4]Información_Técnica!$G$7:$G$35),0) -> 0 | K7: 0 | M7: =SUMIF([5]Uhidráulica!$H$8:$H$126,A7&"*",[5]Uhidráulica!$P$8:$P$126) -> #VALUE! | N7: Filo de agua | O7: =_xlfn.XLOOKUP(A7,Detalle_Unidades!$F$433:$F$548,Detalle_Unidades!$A$433:$A$548) -> HMIN
A8: GUADALUPE III | B8: SubArea Antioquia | C8: 0 | D8: 270 | E8: =C8/G8 -> 0 | F8: =D8/G8 -> 58.498538 | G8: 4.6155 | I8: =IF(COUNTIF([4]Información_Técnica!$A$7:$A$35,A8),_xlfn.XLOOKUP(A8,[4]Información_Técnica!$A$7:$A$35,[4]Información_Técnica!$G$7:$G$35),0) -> 0 | K8: 0 | M8: =SUMIF([5]Uhidráulica!$H$8:$H$126,A8&"*",[5]Uhidráulica!$P$8:$P$126) -> #VALUE! | N8: Cuenta con embalse | O8: =P8 -> GTRG | P8: GTRG | R8: Troneras / miraflores
A9: GUADALUPE IV | B9: SubArea Antioquia | C9: 0 | D9: 202 | E9: =C9/G9 -> 0 | F9: =D9/G9 -> 55.337917 | G9: 3.6503 | I9: =IF(COUNTIF([4]Información_Técnica!$A$7:$A$35,A9),_xlfn.XLOOKUP(A9,[4]Información_Técnica!$A$7:$A$35,[4]Información_Técnica!$G$7:$G$35),0) -> 0 | K9: 0 | M9: =SUMIF([5]Uhidráulica!$H$8:$H$126,A9&"*",[5]Uhidráulica!$P$8:$P$126) -> #VALUE! | N9: Cuenta con embalse | O9: =P9 -> GTRG | P9: GTRG | R9: idem
A10: GUATAPE | B10: SubArea Antioquia | C10: 0 | D10: 560 | E10: =C10/G10 -> 0 | F10: =D10/G10 -> 77.580594 | G10: 7.2183 | I10: =IF(COUNTIF([4]Información_Técnica!$A$7:$A$35,A10),_xlfn.XLOOKUP(A10,[4]Información_Técnica!$A$7:$A$35,[4]Información_Técnica!$G$7:$G$35),0) -> 0 | K10: 0 | M10: =SUMIF([5]Uhidráulica!$H$8:$H$126,A10&"*",[5]Uhidráulica!$P$8:$P$126) -> #VALUE! | N10: Cuenta con embalse | O10: =_xlfn.XLOOKUP(A10,Detalle_Unidades!$F$433:$F$548,Detalle_Unidades!$A$433:$A$548) -> GTPE | R10: Peñol
A11: ITUANGO | B11: SubArea Antioquia | C11: 0 | D11: 1200 | E11: =C11/G11 -> 0 | F11: =D11/G11 -> 695.16858 | G11: 1.7262 | I11: =IF(COUNTIF([4]Información_Técnica!$A$7:$A$35,A11),_xlfn.XLOOKUP(A11,[4]Información_Técnica!$A$7:$A$35,[4]Información_Técnica!$G$7:$G$35),0) -> 1431 | K11: 0 | M11: =SUMIF([5]Uhidráulica!$H$8:$H$126,A11&"*",[5]Uhidráulica!$P$8:$P$126) -> #VALUE! | N11: Cuenta con embalse | O11: =_xlfn.XLOOKUP(A11,Detalle_Unidades!$F$433:$F$548,Detalle_Unidades!$A$433:$A$548) -> PES1
A12: JAGUAS | B12: SubArea Antioquia | C12: 0 | D12: 170 | E12: =C12/G12 -> 0 | F12: =D12/G12 -> 72.061379 | G12: 2.3591 | I12: =IF(COUNTIF([4]Información_Técnica!$A$7:$A$35,A12),_xlfn.XLOOKUP(A12,[4]Información_Técnica!$A$7:$A$35,[4]Información_Técnica!$G$7:$G$35),0) -> 0 | K12: 0 | M12: =SUMIF([5]Uhidráulica!$H$8:$H$126,A12&"*",[5]Uhidráulica!$P$8:$P$126) -> #VALUE! | N12: Cuenta con embalse | O12: =_xlfn.XLOOKUP(A12,Detalle_Unidades!$F$433:$F$548,Detalle_Unidades!$A$433:$A$548) -> JAGS | R12: San Lorenzo
A13: LA TASAJERA | B13: SubArea Antioquia | C13: 0 | D13: 306 | E13: =C13/G13 -> 0 | F13: =D13/G13 -> 39.154969 | G13: 7.8151 | I13: =IF(COUNTIF([4]Información_Técnica!$A$7:$A$35,A13),_xlfn.XLOOKUP(A13,[4]Información_Técnica!$A$7:$A$35,[4]Información_Técnica!$G$7:$G$35),0) -> 0 | K13: 0 | M13: =SUMIF([5]Uhidráulica!$H$8:$H$126,A13&"*",[5]Uhidráulica!$P$8:$P$126) -> #VALUE! | N13: Cuenta con embalse | O13: =_xlfn.XLOOKUP(A13,Detalle_Unidades!$F$433:$F$548,Detalle_Unidades!$A$433:$A$548) -> LTSJ | R13: RioGrnade2
A14: PLAYAS | B14: SubArea Antioquia | C14: 0 | D14: 207 | E14: =C14/G14 -> 0 | F14: =D14/G14 -> 119.6117 | G14: 1.7306 | I14: =IF(COUNTIF([4]Información_Técnica!$A$7:$A$35,A14),_xlfn.XLOOKUP(A14,[4]Información_Técnica!$A$7:$A$35,[4]Información_Técnica!$G$7:$G$35),0) -> 67.59 | K14: 0 | M14: =SUMIF([5]Uhidráulica!$H$8:$H$126,A14&"*",[5]Uhidráulica!$P$8:$P$126) -> #VALUE! | N14: Cuenta con embalse | O14: =_xlfn.XLOOKUP(A14,Detalle_Unidades!$F$433:$F$548,Detalle_Unidades!$A$433:$A$548) -> PLYS
A15: PORCE II | B15: SubArea Antioquia | C15: 0 | D15: 405 | E15: =C15/G15 -> 0 | F15: =D15/G15 -> 188.96976 | G15: 2.1432 | I15: =IF(COUNTIF([4]Información_Técnica!$A$7:$A$35,A15),_xlfn.XLOOKUP(A15,[4]Información_Técnica!$A$7:$A$35,[4]Información_Técnica!$G$7:$G$35),0) -> 124.67 | K15: 0 | M15: 225 | N15: Cuenta con embalse | O15: =_xlfn.XLOOKUP(A15,Detalle_Unidades!$F$433:$F$548,Detalle_Unidades!$A$433:$A$548) -> PRC2
A16: PORCE III | B16: SubArea Antioquia | C16: 0 | D16: 700 | E16: =C16/G16 -> 0 | F16: =D16/G16 -> 228.70585 | G16: 3.0607 | I16: =IF(COUNTIF([4]Información_Técnica!$A$7:$A$35,A16),_xlfn.XLOOKUP(A16,[4]Información_Técnica!$A$7:$A$35,[4]Información_Técnica!$G$7:$G$35),0) -> 161.28 | K16: 0 | M16: =SUMIF([5]Uhidráulica!$H$8:$H$126,A16&"*",[5]Uhidráulica!$P$8:$P$126) -> #VALUE! | N16: Cuenta con embalse | O16: =_xlfn.XLOOKUP(A16,Detalle_Unidades!$F$433:$F$548,Detalle_Unidades!$A$433:$A$548) -> PRC3
A17: SAN CARLOS | B17: SubArea Antioquia | C17: 0 | D17: 1240 | E17: =C17/G17 -> 0 | F17: =D17/G17 -> 229.63813 | G17: 5.3998 | I17: =IF(COUNTIF([4]Información_Técnica!$A$7:$A$35,A17),_xlfn.XLOOKUP(A17,[4]Información_Técnica!$A$7:$A$35,[4]Información_Técnica!$G$7:$G$35),0) -> 0 | K17: 0 | M17: =SUMIF([5]Uhidráulica!$H$8:$H$126,A17&"*",[5]Uhidráulica!$P$8:$P$126) -> #VALUE! | N17: Cuenta con embalse | O17: =_xlfn.XLOOKUP(A17,Detalle_Unidades!$F$433:$F$548,Detalle_Unidades!$A$433:$A$548) -> SNCR | R17: Punchiná
A18: SAN MIGUEL | B18: SubArea Antioquia | C18: 0 | D18: 50 | E18: =C18/G18 -> 0 | F18: =D18/G18 -> 33.48289 | G18: 1.4933 | H18: 0 | I18: =IF(COUNTIF([4]Información_Técnica!$A$7:$A$35,A18),_xlfn.XLOOKUP(A18,[4]Información_Técnica!$A$7:$A$35,[4]Información_Técnica!$G$7:$G$35),0) -> 0 | K18: 0 | M18: =SUMIF([5]Uhidráulica!$H$8:$H$126,A18&"*",[5]Uhidráulica!$P$8:$P$126) -> #VALUE! | N18: Filo de agua | O18: =_xlfn.XLOOKUP(A18,Detalle_Unidades!$F$433:$F$548,Detalle_Unidades!$A$433:$A$548) -> SMI1
A19: TRONERAS | B19: SubArea Antioquia | C19: 0 | D19: 40 | E19: =C19/G19 -> 0 | F19: =D19/G19 -> 60.304538 | G19: 0.6633 | I19: =IF(COUNTIF([4]Información_Técnica!$A$7:$A$35,A19),_xlfn.XLOOKUP(A19,[4]Información_Técnica!$A$7:$A$35,[4]Información_Técnica!$G$7:$G$35),0) -> 27.65 | K19: 0 | M19: =SUMIF([5]Uhidráulica!$H$8:$H$126,A19&"*",[5]Uhidráulica!$P$8:$P$126) -> #VALUE! | N19: Cuenta con embalse | O19: =P19 -> GTRG | P19: GTRG
A20: CHIVOR | B20: SubArea Bogota | C20: 0 | D20: 1000 | E20: =C20/G20 -> 0 | F20: =D20/G20 -> 143.19877 | G20: 6.9833 | I20: =IF(COUNTIF([4]Información_Técnica!$A$7:$A$35,A20),_xlfn.XLOOKUP(A20,[4]Información_Técnica!$A$7:$A$35,[4]Información_Técnica!$G$7:$G$35),0) -> 0 | K20: 0 | M20: =SUMIF([5]Uhidráulica!$H$8:$H$126,A20&"*",[5]Uhidráulica!$P$8:$P$126) -> #VALUE! | N20: Cuenta con embalse | O20: =_xlfn.XLOOKUP(A20,Detalle_Unidades!$F$433:$F$548,Detalle_Unidades!$A$433:$A$548) -> CHVR | R20: La esmeralda
A21: DARIO VALENCIA SAMPER | B21: SubArea Bogota | C21: 0 | D21: 150 | E21: =C21/G21 -> 0 | F21: =D21/G21 -> 18.818688 | G21: 7.9708 | H21: 0 | I21: =IF(COUNTIF([4]Información_Técnica!$A$7:$A$35,A21),_xlfn.XLOOKUP(A21,[4]Información_Técnica!$A$7:$A$35,[4]Información_Técnica!$G$7:$G$35),0) -> 0 | K21: 0 | M21: =SUMIF([5]Uhidráulica!$H$8:$H$126,A21&"*",[5]Uhidráulica!$P$8:$P$126) -> #VALUE! | N21: Filo de agua | O21: =_xlfn.XLOOKUP(A21,Detalle_Unidades!$F$433:$F$548,Detalle_Unidades!$A$433:$A$548) -> DVS1
A22: GUAVIO | B22: SubArea Bogota | C22: 0 | D22: 1250 | E22: =C22/G22 -> 0 | F22: =D22/G22 -> 126.95898 | G22: 9.8457 | I22: =IF(COUNTIF([4]Información_Técnica!$A$7:$A$35,A22),_xlfn.XLOOKUP(A22,[4]Información_Técnica!$A$7:$A$35,[4]Información_Técnica!$G$7:$G$35),0) -> 741.69 | K22: 0 | M22: =SUMIF([5]Uhidráulica!$H$8:$H$126,A22&"*",[5]Uhidráulica!$P$8:$P$126) -> #VALUE! | N22: Cuenta con embalse | O22: =_xlfn.XLOOKUP(A22,Detalle_Unidades!$F$433:$F$548,Detalle_Unidades!$A$433:$A$548) -> GVIO
A23: LA GUACA | B23: SubArea Bogota | C23: 0 | D23: 324 | E23: =C23/G23 -> 0 | F23: =D23/G23 -> 37.421173 | G23: 8.6582 | I23: =IF(COUNTIF([4]Información_Técnica!$A$7:$A$35,A23),_xlfn.XLOOKUP(A23,[4]Información_Técnica!$A$7:$A$35,[4]Información_Técnica!$G$7:$G$35),0) -> 0 | K23: 0 | M23: =SUMIF([5]Uhidráulica!$H$8:$H$126,A23&"*",[5]Uhidráulica!$P$8:$P$126) -> #VALUE! | N23: Cuenta con embalse | O23: =P23 -> PGUG | P23: PGUG | R23: chuza
A24: PARAISO | B24: SubArea Bogota | C24: 0 | D24: 276 | E24: =C24/G24 -> 0 | F24: =D24/G24 -> 37.436419 | G24: 7.3725 | I24: =IF(COUNTIF([4]Información_Técnica!$A$7:$A$35,A24),_xlfn.XLOOKUP(A24,[4]Información_Técnica!$A$7:$A$35,[4]Información_Técnica!$G$7:$G$35),0) -> 0 | K24: 0 | M24: =SUMIF([5]Uhidráulica!$H$8:$H$126,A24&"*",[5]Uhidráulica!$P$8:$P$126) -> #VALUE! | N24: Cuenta con embalse | O24: =P24 -> PGUG | P24: PGUG | R24: chuza
A25: SALTO II | B25: SubArea Bogota | C25: 0 | D25: 35 | E25: =C25/G25 -> 0 | F25: =D25/G25 -> 10.374674 | G25: 3.3736 | H25: 0 | I25: =IF(COUNTIF([4]Información_Técnica!$A$7:$A$35,A25),_xlfn.XLOOKUP(A25,[4]Información_Técnica!$A$7:$A$35,[4]Información_Técnica!$G$7:$G$35),0) -> 0 | K25: 0 | M25: =SUMIF([5]Uhidráulica!$H$8:$H$126,A25&"*",[5]Uhidráulica!$P$8:$P$126) -> #VALUE! | N25: Filo de agua | O25: =_xlfn.XLOOKUP(A25,Detalle_Unidades!$F$433:$F$548,Detalle_Unidades!$A$433:$A$548) -> 2QEK
A26: TUNJITA | B26: SubArea Bogota | C26: 0 | D26: 19 | E26: =C26/G26 -> 0 | F26: =D26/G26 -> 7.7063476 | G26: 2.4655 | H26: 0 | I26: =IF(COUNTIF([4]Información_Técnica!$A$7:$A$35,A26),_xlfn.XLOOKUP(A26,[4]Información_Técnica!$A$7:$A$35,[4]Información_Técnica!$G$7:$G$35),0) -> 0 | K26: 0 | M26: =SUMIF([5]Uhidráulica!$H$8:$H$126,A26&"*",[5]Uhidráulica!$P$8:$P$126) -> #VALUE! | N26: Filo de agua | O26: =_xlfn.XLOOKUP(A26,Detalle_Unidades!$F$433:$F$548,Detalle_Unidades!$A$433:$A$548) -> TUJ1
A27: EL QUIMBO | B27: SubArea Cauca-Narino | C27: 0 | D27: 400 | E27: =C27/G27 -> 0 | F27: =D27/G27 -> 363.47115 | G27: 1.1005 | I27: =IF(COUNTIF([4]Información_Técnica!$A$7:$A$35,A27),_xlfn.XLOOKUP(A27,[4]Información_Técnica!$A$7:$A$35,[4]Información_Técnica!$G$7:$G$35),0) -> 2742.14 | K27: 0 | M27: =SUMIF([5]Uhidráulica!$H$8:$H$126,A27&"*",[5]Uhidráulica!$P$8:$P$126) -> #VALUE! | N27: Cuenta con embalse | O27: =_xlfn.XLOOKUP(A27,Detalle_Unidades!$F$433:$F$548,Detalle_Unidades!$A$433:$A$548) -> QUI1
A28: URRA | B28: SubArea Cordoba_Sucre | C28: 0 | D28: 338 | E28: =C28/G28 -> 0 | F28: =D28/G28 -> 710.68124 | G28: 0.4756 | I28: =IF(COUNTIF([4]Información_Técnica!$A$7:$A$35,A28),_xlfn.XLOOKUP(A28,[4]Información_Técnica!$A$7:$A$35,[4]Información_Técnica!$G$7:$G$35),0) -> 1418.17 | K28: 0 | M28: =SUMIF([5]Uhidráulica!$H$8:$H$126,A28&"*",[5]Uhidráulica!$P$8:$P$126) -> #VALUE! | N28: Cuenta con embalse | O28: =_xlfn.XLOOKUP(A28,Detalle_Unidades!$F$433:$F$548,Detalle_Unidades!$A$433:$A$548) -> URA1
A29: ESMERALDA | B29: SubArea CQR | C29: 0 | D29: 30 | E29: =C29/G29 -> 0 | F29: =D29/G29 -> 22.839741 | G29: 1.3135 | H29: 0 | I29: =IF(COUNTIF([4]Información_Técnica!$A$7:$A$35,A29),_xlfn.XLOOKUP(A29,[4]Información_Técnica!$A$7:$A$35,[4]Información_Técnica!$G$7:$G$35),0) -> 528.48 | K29: 0 | M29: =SUMIF([5]Uhidráulica!$H$8:$H$126,A29&"*",[5]Uhidráulica!$P$8:$P$126) -> #VALUE! | N29: Filo de agua | O29: =_xlfn.XLOOKUP(A29,Detalle_Unidades!$F$433:$F$548,Detalle_Unidades!$A$433:$A$548) -> ESMR
A30: MIEL I | B30: SubArea CQR | C30: 0 | D30: 396 | E30: =C30/G30 -> 0 | F30: =D30/G30 -> 191.5542 | G30: 2.0673 | I30: =IF(COUNTIF([4]Información_Técnica!$A$7:$A$35,A30),_xlfn.XLOOKUP(A30,[4]Información_Técnica!$A$7:$A$35,[4]Información_Técnica!$G$7:$G$35),0) -> 0 | K30: 0 | M30: =SUMIF([5]Uhidráulica!$H$8:$H$126,A30&"*",[5]Uhidráulica!$P$8:$P$126) -> #VALUE! | N30: Cuenta con embalse | O30: =_xlfn.XLOOKUP(A30,Detalle_Unidades!$F$433:$F$548,Detalle_Unidades!$A$433:$A$548) -> HMLG | R30: Amaní
A31: SAN FRANCISCO | B31: SubArea CQR | C31: 0 | D31: 135 | E31: =C31/G31 -> 0 | F31: =D31/G31 -> 85.54591 | G31: 1.5781 | H31: 0 | I31: =IF(COUNTIF([4]Información_Técnica!$A$7:$A$35,A31),_xlfn.XLOOKUP(A31,[4]Información_Técnica!$A$7:$A$35,[4]Información_Técnica!$G$7:$G$35),0) -> 0 | K31: 0 | M31: =SUMIF([5]Uhidráulica!$H$8:$H$126,A31&"*",[5]Uhidráulica!$P$8:$P$126) -> #VALUE! | N31: Filo de agua | O31: =_xlfn.XLOOKUP(A31,Detalle_Unidades!$F$433:$F$548,Detalle_Unidades!$A$433:$A$548) -> SNFR
A32: AMOYA LA ESPERANZA | B32: SubArea Huila-Tolima | C32: 0 | D32: 80 | E32: =C32/G32 -> 0 | F32: =D32/G32 -> 16.479895 | G32: 4.8544 | H32: 0 | I32: =IF(COUNTIF([4]Información_Técnica!$A$7:$A$35,A32),_xlfn.XLOOKUP(A32,[4]Información_Técnica!$A$7:$A$35,[4]Información_Técnica!$G$7:$G$35),0) -> 0 | K32: 0 | M32: =SUMIF([5]Uhidráulica!$H$8:$H$126,A32&"*",[5]Uhidráulica!$P$8:$P$126) -> #VALUE! | N32: Filo de agua | O32: =_xlfn.XLOOKUP(A32,Detalle_Unidades!$F$433:$F$548,Detalle_Unidades!$A$433:$A$548) -> MOY1
A33: BETANIA | B33: SubArea Huila-Tolima | C33: 0 | D33: 540 | E33: =C33/G33 -> 0 | F33: =D33/G33 -> 916.03053 | G33: 0.5895 | I33: =IF(COUNTIF([4]Información_Técnica!$A$7:$A$35,A33),_xlfn.XLOOKUP(A33,[4]Información_Técnica!$A$7:$A$35,[4]Información_Técnica!$G$7:$G$35),0) -> 1171.79 | K33: 0 | M33: =SUMIF([5]Uhidráulica!$H$8:$H$126,A33&"*",[5]Uhidráulica!$P$8:$P$126) -> #VALUE! | N33: Cuenta con embalse | O33: =_xlfn.XLOOKUP(A33,Detalle_Unidades!$F$433:$F$548,Detalle_Unidades!$A$433:$A$548) -> CHBG
A34: CUCUANA | B34: SubArea Huila-Tolima | C34: 0 | D34: 56 | E34: =C34/G34 -> 0 | F34: =D34/G34 -> 9.4155626 | G34: 5.9476 | H34: 0 | I34: =IF(COUNTIF([4]Información_Técnica!$A$7:$A$35,A34),_xlfn.XLOOKUP(A34,[4]Información_Técnica!$A$7:$A$35,[4]Información_Técnica!$G$7:$G$35),0) -> 0 | K34: 0 | M34: =SUMIF([5]Uhidráulica!$H$8:$H$126,A34&"*",[5]Uhidráulica!$P$8:$P$126) -> #VALUE! | N34: Filo de agua | O34: =_xlfn.XLOOKUP(A34,Detalle_Unidades!$F$433:$F$548,Detalle_Unidades!$A$433:$A$548) -> CUC1
A35: PRADO | B35: SubArea Huila-Tolima | C35: 0 | D35: 51 | E35: =C35/G35 -> 0 | F35: =D35/G35 -> 102.34798 | G35: 0.4983 | I35: =IF(COUNTIF([4]Información_Técnica!$A$7:$A$35,A35),_xlfn.XLOOKUP(A35,[4]Información_Técnica!$A$7:$A$35,[4]Información_Técnica!$G$7:$G$35),0) -> 980.89 | K35: 0 | M35: =SUMIF([5]Uhidráulica!$H$8:$H$126,A35&"*",[5]Uhidráulica!$P$8:$P$126) -> #VALUE! | N35: Cuenta con embalse | O35: =_xlfn.XLOOKUP(A35,Detalle_Unidades!$F$433:$F$548,Detalle_Unidades!$A$433:$A$548) -> PRDO
A36: SOGAMOSO | B36: SubArea Santander | C36: 0 | D36: 819 | E36: =C36/G36 -> 0 | F36: =D36/G36 -> 586.2143 | G36: 1.3971 | I36: =IF(COUNTIF([4]Información_Técnica!$A$7:$A$35,A36),_xlfn.XLOOKUP(A36,[4]Información_Técnica!$A$7:$A$35,[4]Información_Técnica!$G$7:$G$35),0) -> 0 | K36: 0 | M36: =SUMIF([5]Uhidráulica!$H$8:$H$126,A36&"*",[5]Uhidráulica!$P$8:$P$126) -> #VALUE! | N36: Cuenta con embalse | O36: =_xlfn.XLOOKUP(A36,Detalle_Unidades!$F$433:$F$548,Detalle_Unidades!$A$433:$A$548) -> SOG1 | R36: Topocoro
A37: ALTO ANCHICAYA | B37: SubArea Valle | C37: 0 | D37: 355 | E37: =C37/G37 -> 0 | F37: =D37/G37 -> 101.16266 | G37: 3.5092 | I37: =IF(COUNTIF([4]Información_Técnica!$A$7:$A$35,A37),_xlfn.XLOOKUP(A37,[4]Información_Técnica!$A$7:$A$35,[4]Información_Técnica!$G$7:$G$35),0) -> 38.38 | K37: 0 | M37: =SUMIF([5]Uhidráulica!$H$8:$H$126,A37&"*",[5]Uhidráulica!$P$8:$P$126) -> #VALUE! | N37: Cuenta con embalse | O37: =P37 -> ALBG | P37: ALBG
A38: BAJO ANCHICAYA | B38: SubArea Valle | C38: 0 | D38: 72 | E38: =C38/G38 -> 0 | F38: =D38/G38 -> 121.93057 | G38: 0.5905 | I38: =IF(COUNTIF([4]Información_Técnica!$A$7:$A$35,A38),_xlfn.XLOOKUP(A38,[4]Información_Técnica!$A$7:$A$35,[4]Información_Técnica!$G$7:$G$35),0) -> 0 | K38: 0 | M38: =SUMIF([5]Uhidráulica!$H$8:$H$126,A38&"*",[5]Uhidráulica!$P$8:$P$126) -> #VALUE! | N38: Cuenta con embalse | O38: =P38 -> ALBG | P38: ALBG | R38: akti abcguacaya
A39: CALIMA | B39: SubArea Valle | C39: 0 | D39: 132 | E39: =C39/G39 -> 0 | F39: =D39/G39 -> 66.78472 | G39: 1.9765 | I39: =IF(COUNTIF([4]Información_Técnica!$A$7:$A$35,A39),_xlfn.XLOOKUP(A39,[4]Información_Técnica!$A$7:$A$35,[4]Información_Técnica!$G$7:$G$35),0) -> 529.3 | K39: 0 | M39: =SUMIF([5]Uhidráulica!$H$8:$H$126,A39&"*",[5]Uhidráulica!$P$8:$P$126) -> #VALUE! | N39: Cuenta con embalse | O39: =_xlfn.XLOOKUP(A39,Detalle_Unidades!$F$433:$F$548,Detalle_Unidades!$A$433:$A$548) -> CLMG
A40: SALVAJINA | B40: SubArea Valle | C40: 0 | D40: 315 | E40: =C40/G40 -> 0 | F40: =D40/G40 -> 365.81117 | G40: 0.8611 | I40: =IF(COUNTIF([4]Información_Técnica!$A$7:$A$35,A40),_xlfn.XLOOKUP(A40,[4]Información_Técnica!$A$7:$A$35,[4]Información_Técnica!$G$7:$G$35),0) -> 807.22 | K40: 0 | M40: =SUMIF([5]Uhidráulica!$H$8:$H$126,A40&"*",[5]Uhidráulica!$P$8:$P$126) -> #VALUE! | N40: Cuenta con embalse | O40: =_xlfn.XLOOKUP(A40,Detalle_Unidades!$F$433:$F$548,Detalle_Unidades!$A$433:$A$548) -> SLVJ

Sheet Demanda_Real
A1: t | B1: timestamp | C1: fecha | D1: hora | E1: nombre_dia | F1: dia_semana | G1: es_habil | H1: codigo | I1: DemaReal_MW
A2: 169 | B2: 46211 | C2: 46211 | D2: 1 | E2: Wednesday | F2: 2 | G2: TRUE | H2: Sistema | I2: 9701.1502
A3: 170 | B3: 46211.042 | C3: 46211 | D3: 2 | E3: Wednesday | F3: 2 | G3: TRUE | H3: Sistema | I3: 9441.101
A4: 171 | B4: 46211.083 | C4: 46211 | D4: 3 | E4: Wednesday | F4: 2 | G4: TRUE | H4: Sistema | I4: 9172.4144
A5: 172 | B5: 46211.125 | C5: 46211 | D5: 4 | E5: Wednesday | F5: 2 | G5: TRUE | H5: Sistema | I5: 9036.3672
A6: 173 | B6: 46211.167 | C6: 46211 | D6: 5 | E6: Wednesday | F6: 2 | G6: TRUE | H6: Sistema | I6: 9145.8566
A7: 174 | B7: 46211.208 | C7: 46211 | D7: 6 | E7: Wednesday | F7: 2 | G7: TRUE | H7: Sistema | I7: 9399.4659
A8: 175 | B8: 46211.25 | C8: 46211 | D8: 7 | E8: Wednesday | F8: 2 | G8: TRUE | H8: Sistema | I8: 9516.5084
A9: 176 | B9: 46211.292 | C9: 46211 | D9: 8 | E9: Wednesday | F9: 2 | G9: TRUE | H9: Sistema | I9: 9966.4029
A10: 177 | B10: 46211.333 | C10: 46211 | D10: 9 | E10: Wednesday | F10: 2 | G10: TRUE | H10: Sistema | I10: 10475.86
A11: 178 | B11: 46211.375 | C11: 46211 | D11: 10 | E11: Wednesday | F11: 2 | G11: TRUE | H11: Sistema | I11: 10765.165
A12: 179 | B12: 46211.417 | C12: 46211 | D12: 11 | E12: Wednesday | F12: 2 | G12: TRUE | H12: Sistema | I12: 11121.398
A13: 180 | B13: 46211.458 | C13: 46211 | D13: 12 | E13: Wednesday | F13: 2 | G13: TRUE | H13: Sistema | I13: 11443.482
... A25: 192 | B25: 46211.958 | C25: 46211 | D25: 24 | E25: Wednesday | F25: 2 | G25: TRUE | H25: Sistema | I25: 10250.679

Sheet Demanda_OR
A1: t | B1: timestamp | C1: fecha | D1: hora | E1: nombre_dia | F1: dia_semana | G1: es_habil | H1: codigo | I1: DemaOR_MW | J1: Values_Name | K1: Values_Activity | L1: Cobertura | M1: SubArea
A2: 169 | B2: 46211 | C2: 46211 | D2: 1 | E2: Wednesday | F2: 2 | G2: TRUE | H2: CASD | I2: 65.33519 | J2: EMPRESA DE ENERGIA DE CASANARE S.A. ESP | K2: DISTRIBUCIÓN
A3: 169 | B3: 46211 | C3: 46211 | D3: 1 | E3: Wednesday | F3: 2 | G3: TRUE | H3: CDND | I3: 80.73085 | J3: CENTRALES ELECTRICAS DE NARIÑO S.A. E.S.P. | K3: DISTRIBUCIÓN
A4: 169 | B4: 46211 | C4: 46211 | D4: 1 | E4: Wednesday | F4: 2 | G4: TRUE | H4: CEOD | I4: 109.71753 | J4: COMPAÑIA ENERGETICA DE OCCIDENTE S.A.S. ESP | K4: DISTRIBUCIÓN
A5: 169 | B5: 46211 | C5: 46211 | D5: 1 | E5: Wednesday | F5: 2 | G5: TRUE | H5: CETD | I5: 27.76429 | J5: COMPAÑIA DE ELECTRICIDAD DE TULUA S.A. E.S.P. | K5: DISTRIBUCIÓN
A6: 169 | B6: 46211 | C6: 46211 | D6: 1 | E6: Wednesday | F6: 2 | G6: TRUE | H6: CHCD | I6: 183.37064 | J6: CENTRAL HIDROELECTRICA DE CALDAS S.A. E.S.P. BENEFICIO E INTERES COLECTIVO | K6: DISTRIBUCIÓN
A7: 169 | B7: 46211 | C7: 46211 | D7: 1 | E7: Wednesday | F7: 2 | G7: TRUE | H7: CMMD | I7: 1613.8101 | J7: CARIBEMAR DE LA COSTA S.A.S. E.S.P. | K7: DISTRIBUCIÓN
A8: 169 | B8: 46211 | C8: 46211 | D8: 1 | E8: Wednesday | F8: 2 | G8: TRUE | H8: CNSD | I8: 266.58664 | J8: CENTRALES ELECTRICAS DEL NORTE DE SANTANDER S.A. E.S.P. | K8: DISTRIBUCIÓN
A9: 169 | B9: 46211 | C9: 46211 | D9: 1 | E9: Wednesday | F9: 2 | G9: TRUE | H9: CQTD | I9: 29.13315 | J9: ELECTRIFICADORA DEL CAQUETA S.A. E.S.P. | K9: DISTRIBUCIÓN
A10: 169 | B10: 46211 | C10: 46211 | D10: 1 | E10: Wednesday | F10: 2 | G10: TRUE | H10: CSID | I10: 1563.5728 | J10: AIR- E S.A.S. E.S.P. - INTERVENIDO | K10: DISTRIBUCIÓN
A11: 169 | B11: 46211 | C11: 46211 | D11: 1 | E11: Wednesday | F11: 2 | G11: TRUE | H11: EBPD | I11: 7.47025 | J11: EMPRESA DE ENERGIA DEL BAJO PUTUMAYO S.A. E.S.P. | K11: DISTRIBUCIÓN
A12: 169 | B12: 46211 | C12: 46211 | D12: 1 | E12: Wednesday | F12: 2 | G12: TRUE | H12: EBSD | I12: 206.33945 | J12: EMPRESA DE ENERGIA DE BOYACA S.A. E.S.P. | K12: DISTRIBUCIÓN
A13: 169 | B13: 46211 | C13: 46211 | D13: 1 | E13: Wednesday | F13: 2 | G13: TRUE | H13: EDPD | I13: 37.62249 | J13: EMPRESA DISTRIBUIDORA DEL PACIFICO S.A. E.S.P. | K13: DISTRIBUCIÓN
... A649: 192 | B649: 46211.958 | C649: 46211 | D649: 24 | E649: Wednesday | F649: 2 | G649: TRUE | H649: RTQD | I649: 2.41432 | J649: RUITOQUE S.A. E.S.P. | K649: DISTRIBUCIÓN

Sheet Renovables
A1: Renovables - Generacion solar y eolica
A2: La disponibilidad horaria va en la hoja Demanda o un perfil aparte.
A4: id | B4: nodo | C4: tipo | D4: capacidad | E4: codigo | F4: Latitud | G4: Longitud
C5: solar/eolica | D5: MW | F5: ° | G5: °
A6: PORTON DEL SOL | B6: SubArea Antioquia | C6: solar | D6: 102 | E6: =_xlfn.XLOOKUP(A6,Detalle_Unidades!$B$2:$B$886,Detalle_Unidades!$A$2:$A$886) -> 3IRX
A7: CARACOLI I | B7: SubArea Atlantico | C7: solar | D7: 50 | E7: =_xlfn.XLOOKUP(A7,Detalle_Unidades!$B$2:$B$886,Detalle_Unidades!$A$2:$A$886) -> 3INX
A8: GUAYEPO | B8: SubArea Atlantico | C8: solar | D8: 370 | E8: =_xlfn.XLOOKUP(A8,Detalle_Unidades!$B$2:$B$886,Detalle_Unidades!$A$2:$A$886) -> GYPO
A9: GUAYEPO III | B9: SubArea Atlantico | C9: solar | D9: 200 | E9: =_xlfn.XLOOKUP(A9,Detalle_Unidades!$B$2:$B$886,Detalle_Unidades!$A$2:$A$886) -> GYP3
A10: PARQUE SOLAR LA UNION | B10: SubArea Cordoba_Sucre | C10: solar | D10: 100 | E10: =_xlfn.XLOOKUP(A10,Detalle_Unidades!$B$2:$B$886,Detalle_Unidades!$A$2:$A$886) -> 3IZ6
A11: PARQUE SOLAR PUERTA DE ORO | B11: SubArea CQR | C11: solar | D11: 300 | E11: =_xlfn.XLOOKUP(A11,Detalle_Unidades!$B$2:$B$886,Detalle_Unidades!$A$2:$A$886) -> PORO
A12: PARQUE SOLAR TEPUY | B12: SubArea CQR | C12: solar | D12: 83 | E12: =_xlfn.XLOOKUP(A12,Detalle_Unidades!$B$2:$B$886,Detalle_Unidades!$A$2:$A$886) -> TPUY
A13: EL PASO | B13: SubArea GCM | C13: solar | D13: 68 | E13: =_xlfn.XLOOKUP(A13,Detalle_Unidades!$B$2:$B$886,Detalle_Unidades!$A$2:$A$886) -> EPFV
A14: FUNDACION | B14: SubArea GCM | C14: solar | D14: 100 | E14: =_xlfn.XLOOKUP(A14,Detalle_Unidades!$B$2:$B$886,Detalle_Unidades!$A$2:$A$886) -> 3HF5
A15: LATAM SOLAR LA LOMA | B15: SubArea GCM | C15: solar | D15: 150 | E15: =_xlfn.XLOOKUP(A15,Detalle_Unidades!$B$2:$B$886,Detalle_Unidades!$A$2:$A$886) -> 3DDT
A16: SHANGRI LA | B16: SubArea Huila-Tolima | C16: solar | D16: 160 | E16: =_xlfn.XLOOKUP(A16,Detalle_Unidades!$B$2:$B$886,Detalle_Unidades!$A$2:$A$886) -> 4YCF
A17: LA MATA | B17: SubArea Norte de Santander | C17: solar | D17: 80 | E17: =_xlfn.XLOOKUP(A17,Detalle_Unidades!$B$2:$B$886,Detalle_Unidades!$A$2:$A$886) -> MATA
A18: SUNNORTE | B18: SubArea Norte de Santander | C18: solar | D18: 35 | E18: =_xlfn.XLOOKUP(A18,Detalle_Unidades!$B$2:$B$886,Detalle_Unidades!$A$2:$A$886) -> 3IQA
A21: Renov_Perfil - Disponibilidad horaria de generacion renovable
A22: Estructura {hora x recurso}. Fraccion de la capacidad instalada (0-1).
B23: 3IRX | C23: 3INX | D23: GYPO | E23: GYP3 | F23: 3IZ6 | G23: PORO | H23: TPUY | I23: EPFV | J23: 3HF5 | K23: 3DDT | L23: 4YCF | M23: MATA | N23: 3IQA
A24: hora | B24: PORTON DEL SOL | C24: CARACOLI I | D24: GUAYEPO | E24: GUAYEPO III | F24: PARQUE SOLAR LA UNION | G24: PARQUE SOLAR PUERTA DE ORO | H24: PARQUE SOLAR TEPUY | I24: EL PASO | J24: FUNDACION | K24: LATAM SOLAR LA LOMA | L24: SHANGRI LA | M24: LA MATA | N24: SUNNORTE
B25: frac | C25: frac | D25: frac | E25: frac | F25: frac | G25: frac | H25: frac | I25: frac | J25: frac | K25: frac | L25: frac | M25: frac | N25: frac
A26: 1 | B26: 0 | C26: 0 | D26: 0 | E26: 0 | F26: 0 | G26: 0 | H26: 0 | I26: 0 | J26: 0 | K26: 0 | L26: 0 | M26: 0 | N26: 0
A27: 2 | B27: 0 | C27: 0 | D27: 0 | E27: 0 | F27: 0 | G27: 0 | H27: 0 | I27: 0 | J27: 0 | K27: 0 | L27: 0 | M27: 0 | N27: 0
A28: 3 | B28: 0 | C28: 0 | D28: 0 | E28: 0 | F28: 0 | G28: 0 | H28: 0 | I28: 0 | J28: 0 | K28: 0 | L28: 0 | M28: 0 | N28: 0
A29: 4 | B29: 0 | C29: 0 | D29: 0 | E29: 0 | F29: 0 | G29: 0 | H29: 0 | I29: 0 | J29: 0 | K29: 0 | L29: 0 | M29: 0 | N29: 0
A30: 5 | B30: 0 | C30: 0 | D30: 0 | E30: 0 | F30: 0 | G30: 0 | H30: 0 | I30: 0 | J30: 0 | K30: 0 | L30: 0 | M30: 0 | N30: 0
A31: 6 | B31: 0 | C31: 0.0692 | D31: 0.13656 | E31: 0 | F31: 0.03844 | G31: 0 | H31: 0 | I31: 0.07965 | J31: 0.34272 | K31: 0 | L31: 0 | M31: 0 | N31: 0
A32: 7 | B32: 17.93389 | C32: 5.16054 | D32: 56.34293 | E32: 0 | F32: 17.06981 | G32: 42.75992 | H32: 17.44734 | I32: 13.60181 | J32: 17.10297 | K32: 18.44362 | L32: 9.36415 | M32: 7.7311 | N32: 1.47672
A33: 8 | B33: 60.20725 | C33: 20.86347 | D33: 173.1985 | E33: 19.81725 | F33: 58.68383 | G33: 171.75228 | H33: 59.29959 | I33: 31.74526 | J33: 58.48869 | K33: 37.22723 | L33: 77.59813 | M33: 42.19187 | N33: 8.76565
A34: 9 | B34: 78.3362 | C34: 28.78496 | D34: 244.69049 | E34: 138.49542 | F34: 83.83498 | G34: 232.43137 | H34: 72.59987 | I34: 50.06911 | J34: 74.6588 | K34: 84.57875 | L34: 134.8164 | M34: 65.58486 | N34: 18.40479
A35: 10 | B35: 75.92138 | C35: 26.48259 | D35: 204.43931 | E35: 119.87686 | F35: 90.41597 | G35: 253.27748 | H35: 70.17125 | I35: 54.93518 | J35: 80.36675 | K35: 75.48605 | L35: 147.87395 | M35: 72.55978 | N35: 25.34581
A36: 11 | B36: 89.75288 | C36: 34.30801 | D36: 256.74933 | E36: 154.16726 | F36: 51.55328 | G36: 271.85612 | H36: 81.04723 | I36: 58.42342 | J36: 80.40537 | K36: 101.46762 | L36: 144.06465 | M36: 77.27846 | N36: 25.51372
A37: 12 | B37: 92.32221 | C37: 37.74905 | D37: 286.33301 | E37: 171.74569 | F37: 89.80619 | G37: 280.11627 | H37: 82.85466 | I37: 62.28648 | J37: 80.41306 | K37: 101.38636 | L37: 153.98557 | M37: 69.837 | N37: 18.18726
... A49: 24 | B49: 0 | C49: 0 | D49: 0 | E49: 0 | F49: 0 | G49: 0 | H49: 0 | I49: 0 | J49: 0 | K49: 0 | L49: 0 | M49: 0 | N49: 0
A51: Renov_Perfil - Disponibilidad horaria de generacion renovable
A52: Estructura {hora x recurso}. Fraccion de la capacidad instalada (0-1).
B53: 3IRX | C53: 3INX | D53: GYPO | E53: GYP3 | F53: 3IZ6 | G53: PORO | H53: TPUY | I53: EPFV | J53: 3HF5 | K53: 3DDT | L53: 4YCF | M53: MATA | N53: 3IQA
A54: hora | B54: PORTON DEL SOL | C54: CARACOLI I | D54: GUAYEPO | E54: GUAYEPO III | F54: PARQUE SOLAR LA UNION | G54: PARQUE SOLAR PUERTA DE ORO | H54: PARQUE SOLAR TEPUY | I54: EL PASO | J54: FUNDACION | K54: LATAM SOLAR LA LOMA | L54: SHANGRI LA | M54: LA MATA | N54: SUNNORTE
B55: frac | C55: frac | D55: frac | E55: frac | F55: frac | G55: frac | H55: frac | I55: frac | J55: frac | K55: frac | L55: frac | M55: frac | N55: frac
A56: 1 | B56: =B26/$D$6 -> 0 | C56: =C26/$D$7 -> 0 | D56: =D26/$D$8 -> 0 | E56: =E26/$D$9 -> 0 | F56: =F26/$D$10 -> 0 | G56: =G26/$D$11 -> 0 | H56: =H26/$D$12 -> 0 | I56: =I26/$D$13 -> 0 | J56: =J26/$D$14 -> 0 | K56: =K26/$D$15 -> 0 | L56: =L26/$D$16 -> 0 | M56: =M26/$D$17 -> 0 | N56: =N26/$D$18 -> 0
A57: 2 | B57: =B27/$D$6 -> 0 | C57: =C27/$D$7 -> 0 | D57: =D27/$D$8 -> 0 | E57: =E27/$D$9 -> 0 | F57: =F27/$D$10 -> 0 | G57: =G27/$D$11 -> 0 | H57: =H27/$D$12 -> 0 | I57: =I27/$D$13 -> 0 | J57: =J27/$D$14 -> 0 | K57: =K27/$D$15 -> 0 | L57: =L27/$D$16 -> 0 | M57: =M27/$D$17 -> 0 | N57: =N27/$D$18 -> 0
A58: 3 | B58: =B28/$D$6 -> 0 | C58: =C28/$D$7 -> 0 | D58: =D28/$D$8 -> 0 | E58: =E28/$D$9 -> 0 | F58: =F28/$D$10 -> 0 | G58: =G28/$D$11 -> 0 | H58: =H28/$D$12 -> 0 | I58: =I28/$D$13 -> 0 | J58: =J28/$D$14 -> 0 | K58: =K28/$D$15 -> 0 | L58: =L28/$D$16 -> 0 | M58: =M28/$D$17 -> 0 | N58: =N28/$D$18 -> 0
A59: 4 | B59: =B29/$D$6 -> 0 | C59: =C29/$D$7 -> 0 | D59: =D29/$D$8 -> 0 | E59: =E29/$D$9 -> 0 | F59: =F29/$D$10 -> 0 | G59: =G29/$D$11 -> 0 | H59: =H29/$D$12 -> 0 | I59: =I29/$D$13 -> 0 | J59: =J29/$D$14 -> 0 | K59: =K29/$D$15 -> 0 | L59: =L29/$D$16 -> 0 | M59: =M29/$D$17 -> 0 | N59: =N29/$D$18 -> 0
A60: 5 | B60: =B30/$D$6 -> 0 | C60: =C30/$D$7 -> 0 | D60: =D30/$D$8 -> 0 | E60: =E30/$D$9 -> 0 | F60: =F30/$D$10 -> 0 | G60: =G30/$D$11 -> 0 | H60: =H30/$D$12 -> 0 | I60: =I30/$D$13 -> 0 | J60: =J30/$D$14 -> 0 | K60: =K30/$D$15 -> 0 | L60: =L30/$D$16 -> 0 | M60: =M30/$D$17 -> 0 | N60: =N30/$D$18 -> 0
A61: 6 | B61: =B31/$D$6 -> 0 | C61: =C31/$D$7 -> 0.001384 | D61: =D31/$D$8 -> 0.00036908108 | E61: =E31/$D$9 -> 0 | F61: =F31/$D$10 -> 0.0003844 | G61: =G31/$D$11 -> 0 | H61: =H31/$D$12 -> 0 | I61: =I31/$D$13 -> 0.0011713235 | J61: =J31/$D$14 -> 0.0034272 | K61: =K31/$D$15 -> 0 | L61: =L31/$D$16 -> 0 | M61: =M31/$D$17 -> 0 | N61: =N31/$D$18 -> 0
A62: 7 | B62: =B32/$D$6 -> 0.17582245 | C62: =C32/$D$7 -> 0.1032108 | D62: =D32/$D$8 -> 0.15227819 | E62: =E32/$D$9 -> 0 | F62: =F32/$D$10 -> 0.1706981 | G62: =G32/$D$11 -> 0.14253307 | H62: =H32/$D$12 -> 0.21020892 | I62: =I32/$D$13 -> 0.20002662 | J62: =J32/$D$14 -> 0.1710297 | K62: =K32/$D$15 -> 0.12295747 | L62: =L32/$D$16 -> 0.058525937 | M62: =M32/$D$17 -> 0.09663875 | N62: =N32/$D$18 -> 0.042192
A63: 8 | B63: =B33/$D$6 -> 0.59026716 | C63: =C33/$D$7 -> 0.4172694 | D63: =D33/$D$8 -> 0.46810405 | E63: =E33/$D$9 -> 0.09908625 | F63: =F33/$D$10 -> 0.5868383 | G63: =G33/$D$11 -> 0.5725076 | H63: =H33/$D$12 -> 0.71445289 | I63: =I33/$D$13 -> 0.46684206 | J63: =J33/$D$14 -> 0.5848869 | K63: =K33/$D$15 -> 0.24818153 | L63: =L33/$D$16 -> 0.48498831 | M63: =M33/$D$17 -> 0.52739837 | N63: =N33/$D$18 -> 0.25044714
A64: 9 | B64: =B34/$D$6 -> 0.76800196 | C64: =C34/$D$7 -> 0.5756992 | D64: =D34/$D$8 -> 0.66132565 | E64: =E34/$D$9 -> 0.6924771 | F64: =F34/$D$10 -> 0.8383498 | G64: =G34/$D$11 -> 0.77477123 | H64: =H34/$D$12 -> 0.87469723 | I64: =I34/$D$13 -> 0.73631044 | J64: =J34/$D$14 -> 0.746588 | K64: =K34/$D$15 -> 0.56385833 | L64: =L34/$D$16 -> 0.8426025 | M64: =M34/$D$17 -> 0.81981075 | N64: =N34/$D$18 -> 0.52585114
A65: 10 | B65: =B35/$D$6 -> 0.74432725 | C65: =C35/$D$7 -> 0.5296518 | D65: =D35/$D$8 -> 0.55253868 | E65: =E35/$D$9 -> 0.5993843 | F65: =F35/$D$10 -> 0.9041597 | G65: =G35/$D$11 -> 0.84425827 | H65: =H35/$D$12 -> 0.84543675 | I65: =I35/$D$13 -> 0.80787029 | J65: =J35/$D$14 -> 0.8036675 | K65: =K35/$D$15 -> 0.50324033 | L65: =L35/$D$16 -> 0.92421219 | M65: =M35/$D$17 -> 0.90699725 | N65: =N35/$D$18 -> 0.724166
A66: 11 | B66: =B36/$D$6 -> 0.8799302 | C66: =C36/$D$7 -> 0.6861602 | D66: =D36/$D$8 -> 0.69391711 | E66: =E36/$D$9 -> 0.7708363 | F66: =F36/$D$10 -> 0.5155328 | G66: =G36/$D$11 -> 0.90618707 | H66: =H36/$D$12 -> 0.97647265 | I66: =I36/$D$13 -> 0.85916794 | J66: =J36/$D$14 -> 0.8040537 | K66: =K36/$D$15 -> 0.6764508 | L66: =L36/$D$16 -> 0.90040406 | M66: =M36/$D$17 -> 0.96598075 | N66: =N36/$D$18 -> 0.72896343
A67: 12 | B67: =B37/$D$6 -> 0.90511971 | C67: =C37/$D$7 -> 0.754981 | D67: =D37/$D$8 -> 0.773873 | E67: =E37/$D$9 -> 0.85872845 | F67: =F37/$D$10 -> 0.8980619 | G67: =G37/$D$11 -> 0.9337209 | H67: =H37/$D$12 -> 0.99824892 | I67: =I37/$D$13 -> 0.91597765 | J67: =J37/$D$14 -> 0.8041306 | K67: =K37/$D$15 -> 0.67590907 | L67: =L37/$D$16 -> 0.96240981 | M67: =M37/$D$17 -> 0.8729625 | N67: =N37/$D$18 -> 0.519636
... A79: 24 | B79: =B49/$D$6 -> 0 | C79: =C49/$D$7 -> 0 | D79: =D49/$D$8 -> 0 | E79: =E49/$D$9 -> 0 | F79: =F49/$D$10 -> 0 | G79: =G49/$D$11 -> 0 | H79: =H49/$D$12 -> 0 | I79: =I49/$D$13 -> 0 | J79: =J49/$D$14 -> 0 | K79: =K49/$D$15 -> 0 | L79: =L49/$D$16 -> 0 | M79: =M49/$D$17 -> 0 | N79: =N49/$D$18 -> 0

Sheet Renovables_traz
A1: codigo | B1: recurso | C1: fuente_energetica | D1: tipo_paratec | E1: estado | F1: subarea | G1: fuente_subarea | H1: conexion_original | I1: conexion_limpia | J1: pmax_mw | K1: pmin_mw | L1: pmin_missing | M1: cap_efec_neta_mw | N1: archivo_fuente | O1: hoja_fuente | P1: fila_fuente | Q1: representative_date | R1: xm_cap_efec_neta_mw | S1: flags | T1: raw_fields_json | U1: es_autogenerador | V1: tiene_oferta
B2: ALMA II | C2: SOLAR | D2: SOLAR | E2: Operación | F2: SubArea Arauca | G2: source_direct_subarea | J2: 9.8 | K2: 0 | L2: FALSE | M2: 9.8 | N2: 01_Data\01_Raw\PARATEC\GENERACION\SOLAR\PARATEC_Psolar_14-08-2026.xlsx | O2: Psolar | P2: 7 | Q2: 46209 | T2: {"Nombre": "ALMA II", "Operador": "DEPI ENERGY S.A.S. E.S.P.", "Estado": "Operación", "Fecha de puesta en operación FPO": "2025-12-23T00:00:00", "Modo de operación": "No Despachada Centralmente", "Tipo de proceso productivo": "Generador", "Unidades equivalentes solares": "ALMA II 1", "Voltaje de conexión [kV]": "34,5", "Potencia nominal [MW]": "9,8", "Potencia máxima [MW]": "9,8", "Mínimo técnico [MW]": "0", "Capacidad efectiva neta [MW]": "9,8", "Arranque autónomo [Si/No]": "No", "Estatismo en frecuencia [%]": "5", "Estatismo en frecuencia mínimo [%]": "2", "Estatismo en frecuencia máximo [%]": "6", "Estatismo en tensión [%]": "14,28", "Banda muerta de operación [mHz]": "30", "Rango banda muerta de operación [mHz]": "120", "Capacidad de absorción [MVAr]": "3,43", "Capacidad de generación [MVAr]": "3,43", "Constante K": "2", "Tiempo de respuesta inicial del control rápido de corriente reactiva [ms]": "50", "Tiempo de respuesta inicial máximo-frecuencia [s]": "0,5", "Tiempo de establecimiento máximo-frecuencia [s]": "8", "Tiempo de respuesta inicial de tensión [s]": "0,5", "Tiempo de establecimiento de tensión [s]": "8", "Velocidad de toma de carga [MW/min]": "-", "Velocidad de descarga [MW/min]": "-", "Departamento": "ARAUCA", "Municipio": "ARAUCA", "Subárea operativa": "SubArea Arauca"} | U2: FALSE | V2: FALSE
B3: ATLANTICO | C3: SOLAR | D3: SOLAR | E3: Pruebas | F3: SubArea Atlantico | G3: source_direct_subarea | J3: 199.5 | K3: 5 | L3: FALSE | M3: 180 | N3: 01_Data\01_Raw\PARATEC\GENERACION\SOLAR\PARATEC_Psolar_14-08-2026.xlsx | O3: Psolar | P3: 8 | Q3: 46209 | T3: {"Nombre": "ATLANTICO", "Operador": "ENEL COLOMBIA SA ESP", "Estado": "Pruebas", "Fecha de puesta en operación FPO": "-", "Modo de operación": "Despachada Centralmente", "Tipo de proceso productivo": "Generador", "Unidades equivalentes solares": "ATLANTICO 1", "Voltaje de conexión [kV]": "500", "Potencia nominal [MW]": "199,5", "Potencia máxima [MW]": "199,5", "Mínimo técnico [MW]": "5", "Capacidad efectiva neta [MW]": "180", "Arranque autónomo [Si/No]": "No", "Estatismo en frecuencia [%]": "4", "Estatismo en frecuencia mínimo [%]": "2", "Estatismo en frecuencia máximo [%]": "6", "Estatismo en tensión [%]": "8", "Banda muerta de operación [mHz]": "30", "Rango banda muerta de operación [mHz]": "120", "Capacidad de absorción [MVAr]": "41,04", "Capacidad de generación [MVAr]": "41,04", "Constante K": "2", "Tiempo de respuesta inicial del control rápido de corriente reactiva [ms]": "50", "Tiempo de respuesta inicial máximo-frecuencia [s]": "2", "Tiempo de establecimiento máximo-frecuencia [s]": "15", "Tiempo de respuesta inicial de tensión [s]": "2", "Tiempo de establecimiento de tensión [s]": "10", "Velocidad de toma de carga [MW/min]": "25,2", "Velocidad de descarga [MW/min]": "25,2", "Departamento": "ATLÁNTICO", "Municipio": "USIACURÍ", "Subárea operativa": "SubArea Atlantico"} | U3: FALSE | V3: FALSE
B4: AUTOG BIOS CIENAGA ORO | C4: SOLAR | D4: SOLAR | E4: Pruebas | F4: SubArea Cordoba_Sucre | G4: source_direct_subarea | J4: 1.1 | K4: 0 | L4: FALSE | M4: 1.1 | N4: 01_Data\01_Raw\PARATEC\GENERACION\SOLAR\PARATEC_Psolar_14-08-2026.xlsx | O4: Psolar | P4: 9 | Q4: 46209 | T4: {"Nombre": "AUTOG BIOS CIENAGA ORO", "Operador": "EMPRESAS PUBLICAS DE MEDELLIN E.S.P.", "Estado": "Pruebas", "Fecha de puesta en operación FPO": "2024-11-04T00:00:00", "Modo de operación": "No Despachada Centralmente", "Tipo de proceso productivo": "Autogenerador", "Unidades equivalentes solares": "AUTOG BIOS CIENAGA ORO 1", "Voltaje de conexión [kV]": "34,5", "Potencia nominal [MW]": "1,1", "Potencia máxima [MW]": "1,1", "Mínimo técnico [MW]": "0", "Capacidad efectiva neta [MW]": "1,1", "Arranque autónomo [Si/No]": "No", "Estatismo en frecuencia [%]": "-", "Estatismo en frecuencia mínimo [%]": "-", "Estatismo en frecuencia máximo [%]": "-", "Estatismo en tensión [%]": "-", "Banda muerta de operación [mHz]": "-", "Rango banda muerta de operación [mHz]": "-", "Capacidad de absorción [MVAr]": "-", "Capacidad de generación [MVAr]": "-", "Constante K": "-", "Tiempo de respuesta inicial del control rápido de corriente reactiva [ms]": "-", "Tiempo de respuesta inicial máximo-frecuencia [s]": "-", "Tiempo de establecimiento máximo-frecuencia [s]": "-", "Tiempo de respuesta inicial de tensión [s]": "-", "Tiempo de establecimiento de tensión [s]": "-", "Velocidad de toma de carga [MW/min]": "-", "Velocidad de descarga [MW/min]": "-", "Departamento": "CÓRDOBA", "Municipio": "CIÉNAGA DE ORO", "Subárea operativa": "SubArea Cordoba_Sucre"} | U4: TRUE | V4: FALSE
B5: AUTOG BIOS CONTEGRAL CARTAGO | C5: SOLAR | D5: SOLAR | E5: Pruebas | F5: SubArea Valle | G5: source_direct_subarea | J5: 3.225 | K5: 0 | L5: FALSE | M5: 3.225 | N5: 01_Data\01_Raw\PARATEC\GENERACION\SOLAR\PARATEC_Psolar_14-08-2026.xlsx | O5: Psolar | P5: 10 | Q5: 46209 | T5: {"Nombre": "AUTOG BIOS CONTEGRAL CARTAGO", "Operador": "EMPRESAS PUBLICAS DE MEDELLIN E.S.P.", "Estado": "Pruebas", "Fecha de puesta en operación FPO": "2024-05-24T00:00:00", "Modo de operación": "No Despachada Centralmente", "Tipo de proceso productivo": "Autogenerador", "Unidades equivalentes solares": "AUTOG BIOS CONTEGRAL CARTAGO 1", "Voltaje de conexión [kV]": "34,5", "Potencia nominal [MW]": "3,225", "Potencia máxima [MW]": "3,225", "Mínimo técnico [MW]": "0", "Capacidad efectiva neta [MW]": "3,225", "Arranque autónomo [Si/No]": "No", "Estatismo en frecuencia [%]": "-", "Estatismo en frecuencia mínimo [%]": "-", "Estatismo en frecuencia máximo [%]": "-", "Estatismo en tensión [%]": "-", "Banda muerta de operación [mHz]": "-", "Rango banda muerta de operación [mHz]": "-", "Capacidad de absorción [MVAr]": "-", "Capacidad de generación [MVAr]": "-", "Constante K": "-", "Tiempo de respuesta inicial del control rápido de corriente reactiva [ms]": "-", "Tiempo de respuesta inicial máximo-frecuencia [s]": "-", "Tiempo de establecimiento máximo-frecuencia [s]": "-", "Tiempo de respuesta inicial de tensión [s]": "-", "Tiempo de establecimiento de tensión [s]": "-", "Velocidad de toma de carga [MW/min]": "-", "Velocidad de descarga [MW/min]": "-", "Departamento": "VALLE DEL CAUCA", "Municipio": "CARTAGO", "Subárea operativa": "SubArea Valle"} | U5: TRUE | V5: FALSE
B6: AUTOG BIOS CONTEGRAL NEIVA | C6: SOLAR | D6: SOLAR | E6: Pruebas | F6: SubArea Huila-Tolima | G6: source_direct_subarea | J6: 1.6 | K6: 0 | L6: FALSE | M6: 1.6 | N6: 01_Data\01_Raw\PARATEC\GENERACION\SOLAR\PARATEC_Psolar_14-08-2026.xlsx | O6: Psolar | P6: 11 | Q6: 46209 | T6: {"Nombre": "AUTOG BIOS CONTEGRAL NEIVA", "Operador": "EMPRESAS PUBLICAS DE MEDELLIN E.S.P.", "Estado": "Pruebas", "Fecha de puesta en operación FPO": "2024-05-24T00:00:00", "Modo de operación": "No Despachada Centralmente", "Tipo de proceso productivo": "Autogenerador", "Unidades equivalentes solares": "AUTOG BIOS CONTEGRAL NEIVA 1", "Voltaje de conexión [kV]": "34,5", "Potencia nominal [MW]": "1,6", "Potencia máxima [MW]": "1,6", "Mínimo técnico [MW]": "0", "Capacidad efectiva neta [MW]": "1,6", "Arranque autónomo [Si/No]": "No", "Estatismo en frecuencia [%]": "-", "Estatismo en frecuencia mínimo [%]": "-", "Estatismo en frecuencia máximo [%]": "-", "Estatismo en tensión [%]": "-", "Banda muerta de operación [mHz]": "-", "Rango banda muerta de operación [mHz]": "-", "Capacidad de absorción [MVAr]": "-", "Capacidad de generación [MVAr]": "-", "Constante K": "-", "Tiempo de respuesta inicial del control rápido de corriente reactiva [ms]": "-", "Tiempo de respuesta inicial máximo-frecuencia [s]": "-", "Tiempo de establecimiento máximo-frecuencia [s]": "-", "Tiempo de respuesta inicial de tensión [s]": "-", "Tiempo de establecimiento de tensión [s]": "-", "Velocidad de toma de carga [MW/min]": "-", "Velocidad de descarga [MW/min]": "-", "Departamento": "HUILA", "Municipio": "NEIVA", "Subárea operativa": "SubArea Huila-Tolima"} | U6: TRUE | V6: FALSE
B7: AUTOG BIOS FINCA BUGA | C7: SOLAR | D7: SOLAR | E7: Pruebas | F7: SubArea Valle | G7: source_direct_subarea | J7: 1.149 | K7: 0 | L7: FALSE | M7: 1.06 | N7: 01_Data\01_Raw\PARATEC\GENERACION\SOLAR\PARATEC_Psolar_14-08-2026.xlsx | O7: Psolar | P7: 12 | Q7: 46209 | T7: {"Nombre": "AUTOG BIOS FINCA BUGA", "Operador": "EMPRESAS PUBLICAS DE MEDELLIN E.S.P.", "Estado": "Pruebas", "Fecha de puesta en operación FPO": "2024-10-21T00:00:00", "Modo de operación": "No Despachada Centralmente", "Tipo de proceso productivo": "Autogenerador", "Unidades equivalentes solares": "AUTOG BIOS FINCA BUGA 1", "Voltaje de conexión [kV]": "34,5", "Potencia nominal [MW]": "1,06", "Potencia máxima [MW]": "1,149", "Mínimo técnico [MW]": "0", "Capacidad efectiva neta [MW]": "1,06", "Arranque autónomo [Si/No]": "No", "Estatismo en frecuencia [%]": "-", "Estatismo en frecuencia mínimo [%]": "-", "Estatismo en frecuencia máximo [%]": "-", "Estatismo en tensión [%]": "-", "Banda muerta de operación [mHz]": "-", "Rango banda muerta de operación [mHz]": "-", "Capacidad de absorción [MVAr]": "-", "Capacidad de generación [MVAr]": "-", "Constante K": "-", "Tiempo de respuesta inicial del control rápido de corriente reactiva [ms]": "-", "Tiempo de respuesta inicial máximo-frecuencia [s]": "-", "Tiempo de establecimiento máximo-frecuencia [s]": "-", "Tiempo de respuesta inicial de tensión [s]": "-", "Tiempo de establecimiento de tensión [s]": "-", "Velocidad de toma de carga [MW/min]": "-", "Velocidad de descarga [MW/min]": "-", "Departamento": "VALLE DEL CAUCA", "Municipio": "GUADALAJARA DE BUGA", "Subárea operativa": "SubArea Valle"} | U7: TRUE | V7: FALSE
B8: AUTOG BUGA I GRASAS | C8: SOLAR | D8: SOLAR | E8: Pruebas | F8: SubArea Valle | G8: source_direct_subarea | J8: 4 | K8: 0 | L8: FALSE | M8: 4 | N8: 01_Data\01_Raw\PARATEC\GENERACION\SOLAR\PARATEC_Psolar_14-08-2026.xlsx | O8: Psolar | P8: 13 | Q8: 46209 | T8: {"Nombre": "AUTOG BUGA I GRASAS", "Operador": "CELSIA COLOMBIA S.A. E.S.P.", "Estado": "Pruebas", "Fecha de puesta en operación FPO": "2023-04-15T00:00:00", "Modo de operación": "No Despachada Centralmente", "Tipo de proceso productivo": "Autogenerador", "Unidades equivalentes solares": "AUTOG BUGA I GRASAS 1", "Voltaje de conexión [kV]": "34,5", "Potencia nominal [MW]": "4", "Potencia máxima [MW]": "4", "Mínimo técnico [MW]": "0", "Capacidad efectiva neta [MW]": "4", "Arranque autónomo [Si/No]": "No", "Estatismo en frecuencia [%]": "-", "Estatismo en frecuencia mínimo [%]": "-", "Estatismo en frecuencia máximo [%]": "-", "Estatismo en tensión [%]": "-", "Banda muerta de operación [mHz]": "30", "Rango banda muerta de operación [mHz]": "-", "Capacidad de absorción [MVAr]": "-", "Capacidad de generación [MVAr]": "-", "Constante K": "-", "Tiempo de respuesta inicial del control rápido de corriente reactiva [ms]": "-", "Tiempo de respuesta inicial máximo-frecuencia [s]": "-", "Tiempo de establecimiento máximo-frecuencia [s]": "-", "Tiempo de respuesta inicial de tensión [s]": "-", "Tiempo de establecimiento de tensión [s]": "-", "Velocidad de toma de carga [MW/min]": "-", "Velocidad de descarga [MW/min]": "-", "Departamento": "VALLE DEL CAUCA", "Municipio": "GUADALAJARA DE BUGA", "Subárea operativa": "SubArea Valle"} | U8: TRUE | V8: FALSE
B9: AUTOG BUGA I SOLLA | C9: SOLAR | D9: SOLAR | E9: Pruebas | F9: SubArea Valle | G9: source_direct_subarea | J9: 6.45 | K9: 0 | L9: FALSE | M9: 4.9 | N9: 01_Data\01_Raw\PARATEC\GENERACION\SOLAR\PARATEC_Psolar_14-08-2026.xlsx | O9: Psolar | P9: 14 | Q9: 46209 | T9: {"Nombre": "AUTOG BUGA I SOLLA", "Operador": "CELSIA COLOMBIA S.A. E.S.P.", "Estado": "Pruebas", "Fecha de puesta en operación FPO": "2023-06-16T00:00:00", "Modo de operación": "No Despachada Centralmente", "Tipo de proceso productivo": "Autogenerador", "Unidades equivalentes solares": "AUTOG BUGA I SOLLA 1", "Voltaje de conexión [kV]": "34,5", "Potencia nominal [MW]": "6", "Potencia máxima [MW]": "6,45", "Mínimo técnico [MW]": "0", "Capacidad efectiva neta [MW]": "4,9", "Arranque autónomo [Si/No]": "No", "Estatismo en frecuencia [%]": "-", "Estatismo en frecuencia mínimo [%]": "-", "Estatismo en frecuencia máximo [%]": "-", "Estatismo en tensión [%]": "-", "Banda muerta de operación [mHz]": "30", "Rango banda muerta de operación [mHz]": "-", "Capacidad de absorción [MVAr]": "-", "Capacidad de generación [MVAr]": "-", "Constante K": "-", "Tiempo de respuesta inicial del control rápido de corriente reactiva [ms]": "-", "Tiempo de respuesta inicial máximo-frecuencia [s]": "-", "Tiempo de establecimiento máximo-frecuencia [s]": "-", "Tiempo de respuesta inicial de tensión [s]": "-", "Tiempo de establecimiento de tensión [s]": "-", "Velocidad de toma de carga [MW/min]": "-", "Velocidad de descarga [MW/min]": "-", "Departamento": "VALLE DEL CAUCA", "Municipio": "BUGALAGRANDE", "Subárea operativa": "SubArea Valle"} | U9: TRUE | V9: FALSE
B10: AUTOG CARVAJAL GINEBRA | C10: SOLAR | D10: SOLAR | E10: Pruebas | F10: SubArea Valle | G10: source_direct_subarea | J10: 3.4 | K10: 0 | L10: FALSE | M10: 3.4 | N10: 01_Data\01_Raw\PARATEC\GENERACION\SOLAR\PARATEC_Psolar_14-08-2026.xlsx | O10: Psolar | P10: 15 | Q10: 46209 | T10: {"Nombre": "AUTOG CARVAJAL GINEBRA", "Operador": "ENEL COLOMBIA SA ESP", "Estado": "Pruebas", "Fecha de puesta en operación FPO": "-", "Modo de operación": "No Despachada Centralmente", "Tipo de proceso productivo": "Autogenerador", "Unidades equivalentes solares": "AUTOG CARVAJAL GINEBRA 1", "Voltaje de conexión [kV]": "34,5", "Potencia nominal [MW]": "3,4", "Potencia máxima [MW]": "3,4", "Mínimo técnico [MW]": "0", "Capacidad efectiva neta [MW]": "3,4", "Arranque autónomo [Si/No]": "No", "Estatismo en frecuencia [%]": "-", "Estatismo en frecuencia mínimo [%]": "-", "Estatismo en frecuencia máximo [%]": "-", "Estatismo en tensión [%]": "-", "Banda muerta de operación [mHz]": "-", "Rango banda muerta de operación [mHz]": "-", "Capacidad de absorción [MVAr]": "-", "Capacidad de generación [MVAr]": "-", "Constante K": "-", "Tiempo de respuesta inicial del control rápido de corriente reactiva [ms]": "-", "Tiempo de respuesta inicial máximo-frecuencia [s]": "-", "Tiempo de establecimiento máximo-frecuencia [s]": "-", "Tiempo de respuesta inicial de tensión [s]": "-", "Tiempo de establecimiento de tensión [s]": "-", "Velocidad de toma de carga [MW/min]": "-", "Velocidad de descarga [MW/min]": "-", "Departamento": "VALLE DEL CAUCA", "Municipio": "GINEBRA", "Subárea operativa": "SubArea Valle"} | U10: TRUE | V10: FALSE
B11: AUTOG CELSIA SOLAR ESCOBAL CEMEX | C11: SOLAR | D11: SOLAR | E11: Pruebas | F11: SubArea Huila-Tolima | G11: source_direct_subarea | J11: 19.9 | K11: 0 | L11: FALSE | M11: 0 | N11: 01_Data\01_Raw\PARATEC\GENERACION\SOLAR\PARATEC_Psolar_14-08-2026.xlsx | O11: Psolar | P11: 16 | Q11: 46209 | T11: {"Nombre": "AUTOG CELSIA SOLAR ESCOBAL CEMEX", "Operador": "CELSIA COLOMBIA S.A. E.S.P.", "Estado": "Pruebas", "Fecha de puesta en operación FPO": "-", "Modo de operación": "No Despachada Centralmente", "Tipo de proceso productivo": "Autogenerador", "Unidades equivalentes solares": "AUTOG CELSIA SOLAR ESCOBAL CEMEX 1", "Voltaje de conexión [kV]": "115", "Potencia nominal [MW]": "24,6", "Potencia máxima [MW]": "19,9", "Mínimo técnico [MW]": "0", "Capacidad efectiva neta [MW]": "0", "Arranque autónomo [Si/No]": "No", "Estatismo en frecuencia [%]": "4", "Estatismo en frecuencia mínimo [%]": "2", "Estatismo en frecuencia máximo [%]": "6", "Estatismo en tensión [%]": "4", "Banda muerta de operación [mHz]": "30", "Rango banda muerta de operación [mHz]": "120", "Capacidad de absorción [MVAr]": "0", "Capacidad de generación [MVAr]": "0", "Constante K": "2", "Tiempo de respuesta inicial del control rápido de corriente reactiva [ms]": "50", "Tiempo de respuesta inicial máximo-frecuencia [s]": "2", "Tiempo de establecimiento máximo-frecuencia [s]": "15", "Tiempo de respuesta inicial de tensión [s]": "2", "Tiempo de establecimiento de tensión [s]": "10", "Velocidad de toma de carga [MW/min]": "0", "Velocidad de descarga [MW/min]": "0", "Departamento": "TOLIMA", "Municipio": "IBAGUÉ", "Subárea operativa": "SubArea Huila-Tolima"} | U11: TRUE | V11: FALSE
B12: AUTOG CELSIA SOLAR ESPINAL | C12: SOLAR | D12: SOLAR | E12: Pruebas | F12: SubArea Huila-Tolima | G12: source_direct_subarea | J12: 9.9 | K12: 0 | L12: FALSE | M12: 9 | N12: 01_Data\01_Raw\PARATEC\GENERACION\SOLAR\PARATEC_Psolar_14-08-2026.xlsx | O12: Psolar | P12: 17 | Q12: 46209 | T12: {"Nombre": "AUTOG CELSIA SOLAR ESPINAL", "Operador": "CELSIA COLOMBIA S.A. E.S.P.", "Estado": "Pruebas", "Fecha de puesta en operación FPO": "2020-05-31T00:00:00", "Modo de operación": "No Despachada Centralmente", "Tipo de proceso productivo": "Autogenerador", "Unidades equivalentes solares": "AUTOG CELSIA SOLAR ESPINAL 1", "Voltaje de conexión [kV]": "34,5", "Potencia nominal [MW]": "9,8", "Potencia máxima [MW]": "9,9", "Mínimo técnico [MW]": "0", "Capacidad efectiva neta [MW]": "9", "Arranque autónomo [Si/No]": "No", "Estatismo en frecuencia [%]": "-", "Estatismo en frecuencia mínimo [%]": "-", "Estatismo en frecuencia máximo [%]": "-", "Estatismo en tensión [%]": "-", "Banda muerta de operación [mHz]": "-", "Rango banda muerta de operación [mHz]": "-", "Capacidad de absorción [MVAr]": "-", "Capacidad de generación [MVAr]": "-", "Constante K": "-", "Tiempo de respuesta inicial del control rápido de corriente reactiva [ms]": "-", "Tiempo de respuesta inicial máximo-frecuencia [s]": "-", "Tiempo de establecimiento máximo-frecuencia [s]": "-", "Tiempo de respuesta inicial de tensión [s]": "-", "Tiempo de establecimiento de tensión [s]": "-", "Velocidad de toma de carga [MW/min]": "1,22", "Velocidad de descarga [MW/min]": "1,2", "Departamento": "TOLIMA", "Municipio": "ESPINAL", "Subárea operativa": "SubArea Huila-Tolima"} | U12: TRUE | V12: FALSE
B13: AUTOG CELSIA SOLAR HARINAS | C13: SOLAR | D13: SOLAR | E13: Pruebas | F13: SubArea Valle | G13: source_direct_subarea | J13: 2.45 | K13: 0 | L13: FALSE | M13: 2.45 | N13: 01_Data\01_Raw\PARATEC\GENERACION\SOLAR\PARATEC_Psolar_14-08-2026.xlsx | O13: Psolar | P13: 18 | Q13: 46209 | T13: {"Nombre": "AUTOG CELSIA SOLAR HARINAS", "Operador": "CELSIA COLOMBIA S.A. E.S.P.", "Estado": "Pruebas", "Fecha de puesta en operación FPO": "2022-09-21T00:00:00", "Modo de operación": "No Despachada Centralmente", "Tipo de proceso productivo": "Autogenerador", "Unidades equivalentes solares": "AUTOG CELSIA SOLAR HARINAS 1", "Voltaje de conexión [kV]": "13,2", "Potencia nominal [MW]": "2,45", "Potencia máxima [MW]": "2,45", "Mínimo técnico [MW]": "0", "Capacidad efectiva neta [MW]": "2,45", "Arranque autónomo [Si/No]": "No", "Estatismo en frecuencia [%]": "-", "Estatismo en frecuencia mínimo [%]": "-", "Estatismo en frecuencia máximo [%]": "-", "Estatismo en tensión [%]": "-", "Banda muerta de operación [mHz]": "30", "Rango banda muerta de operación [mHz]": "-", "Capacidad de absorción [MVAr]": "-", "Capacidad de generación [MVAr]": "-", "Constante K": "-", "Tiempo de respuesta inicial del control rápido de corriente reactiva [ms]": "-", "Tiempo de respuesta inicial máximo-frecuencia [s]": "-", "Tiempo de establecimiento máximo-frecuencia [s]": "-", "Tiempo de respuesta inicial de tensión [s]": "-", "Tiempo de establecimiento de tensión [s]": "-", "Velocidad de toma de carga [MW/min]": "-", "Velocidad de descarga [MW/min]": "-", "Departamento": "VALLE DEL CAUCA", "Municipio": "TULUÁ", "Subárea operativa": "SubArea Valle"} | U13: TRUE | V13: FALSE
... B45: CANAHUATE | C45: SOLAR | D45: SOLAR | E45: Operación | F45: SubArea GCM | G45: source_direct_subarea | J45: 1.315 | K45: 0 | L45: FALSE | M45: 0.996 | N45: 01_Data\01_Raw\PARATEC\GENERACION\SOLAR\PARATEC_Psolar_14-08-2026.xlsx | O45: Psolar | P45: 50 | Q45: 46209 | T45: {"Nombre": "CANAHUATE", "Operador": "UNERGY ENERGY DIGITAL S.A.S E.S.P", "Estado": "Operación", "Fecha de puesta en operación FPO": "2024-02-22T00:00:00", "Modo de operación": "No Despachada Centralmente", "Tipo de proceso productivo": "Generador distribuido", "Unidades equivalentes solares": "CANAHUATE 1", "Voltaje de conexión [kV]": "13,8", "Potencia nominal [MW]": "0,996", "Potencia máxima [MW]": "1,315", "Mínimo técnico [MW]": "0", "Capacidad efectiva neta [MW]": "0,996", "Arranque autónomo [Si/No]": "No", "Estatismo en frecuencia [%]": "-", "Estatismo en frecuencia mínimo [%]": "-", "Estatismo en frecuencia máximo [%]": "-", "Estatismo en tensión [%]": "-", "Banda muerta de operación [mHz]": "-", "Rango banda muerta de operación [mHz]": "-", "Capacidad de absorción [MVAr]": "-", "Capacidad de generación [MVAr]": "-", "Constante K": "-", "Tiempo de respuesta inicial del control rápido de corriente reactiva [ms]": "-", "Tiempo de respuesta inicial máximo-frecuencia [s]": "-", "Tiempo de establecimiento máximo-frecuencia [s]": "-", "Tiempo de respuesta inicial de tensión [s]": "-", "Tiempo de establecimiento de tensión [s]": "-", "Velocidad de toma de carga [MW/min]": "-", "Velocidad de descarga [MW/min]": "-", "Departamento": "CESAR", "Municipio": "SAN DIEGO", "Subárea operativa": "SubArea GCM"} | U45: FALSE | V45: FALSE
A46: 3INX | B46: CARACOLI I | C46: SOLAR | D46: SOLAR | E46: Operación | F46: SubArea Atlantico | G46: source_direct_subarea | J46: 50 | K46: 0 | L46: FALSE | M46: 50 | N46: 01_Data\01_Raw\PARATEC\GENERACION\SOLAR\PARATEC_Psolar_14-08-2026.xlsx | O46: Psolar | P46: 51 | Q46: 46209 | R46: 50 | T46: {"Nombre": "CARACOLI I", "Operador": "SOL DE LAS CIÉNAGAS S.A.S. E.S.P.", "Estado": "Operación", "Fecha de puesta en operación FPO": "2024-12-22T00:00:00", "Modo de operación": "Despachada Centralmente", "Tipo de proceso productivo": "Generador", "Unidades equivalentes solares": "CARACOLI I 1", "Voltaje de conexión [kV]": "110", "Potencia nominal [MW]": "50", "Potencia máxima [MW]": "50", "Mínimo técnico [MW]": "0", "Capacidad efectiva neta [MW]": "50", "Arranque autónomo [Si/No]": "No", "Estatismo en frecuencia [%]": "6", "Estatismo en frecuencia mínimo [%]": "2", "Estatismo en frecuencia máximo [%]": "6", "Estatismo en tensión [%]": "4", "Banda muerta de operación [mHz]": "30", "Rango banda muerta de operación [mHz]": "120", "Capacidad de absorción [MVAr]": "16,5", "Capacidad de generación [MVAr]": "16,5", "Constante K": "2", "Tiempo de respuesta inicial del control rápido de corriente reactiva [ms]": "50", "Tiempo de respuesta inicial máximo-frecuencia [s]": "2", "Tiempo de establecimiento máximo-frecuencia [s]": "15", "Tiempo de respuesta inicial de tensión [s]": "2", "Tiempo de establecimiento de tensión [s]": "5", "Velocidad de toma de carga [MW/min]": "7", "Velocidad de descarga [MW/min]": "7", "Departamento": "ATLÁNTICO", "Municipio": "MALAMBO", "Subárea operativa": "SubArea Atlantico"} | U46: FALSE | V46: TRUE
B47: CELSIA SOLAR ALUMINA | C47: SOLAR | D47: SOLAR | E47: Pruebas | F47: SubArea Valle | G47: source_direct_subarea | J47: 1.971 | K47: 0 | L47: FALSE | M47: 1.971 | N47: 01_Data\01_Raw\PARATEC\GENERACION\SOLAR\PARATEC_Psolar_14-08-2026.xlsx | O47: Psolar | P47: 52 | Q47: 46209 | T47: {"Nombre": "CELSIA SOLAR ALUMINA", "Operador": "CELSIA COLOMBIA S.A. E.S.P.", "Estado": "Pruebas", "Fecha de puesta en operación FPO": "2024-03-24T00:00:00", "Modo de operación": "No Despachada Centralmente", "Tipo de proceso productivo": "Autogenerador", "Unidades equivalentes solares": "CELSIA SOLAR ALUMINA 1", "Voltaje de conexión [kV]": "34,5", "Potencia nominal [MW]": "4,725", "Potencia máxima [MW]": "1,971", "Mínimo técnico [MW]": "0", "Capacidad efectiva neta [MW]": "1,971", "Arranque autónomo [Si/No]": "No", "Estatismo en frecuencia [%]": "-", "Estatismo en frecuencia mínimo [%]": "-", "Estatismo en frecuencia máximo [%]": "-", "Estatismo en tensión [%]": "-", "Banda muerta de operación [mHz]": "-", "Rango banda muerta de operación [mHz]": "-", "Capacidad de absorción [MVAr]": "-", "Capacidad de generación [MVAr]": "-", "Constante K": "-", "Tiempo de respuesta inicial del control rápido de corriente reactiva [ms]": "-", "Tiempo de respuesta inicial máximo-frecuencia [s]": "-", "Tiempo de establecimiento máximo-frecuencia [s]": "-", "Tiempo de respuesta inicial de tensión [s]": "-", "Tiempo de establecimiento de tensión [s]": "-", "Velocidad de toma de carga [MW/min]": "-", "Velocidad de descarga [MW/min]": "-", "Departamento": "VALLE DEL CAUCA", "Municipio": "YUMBO", "Subárea operativa": "SubArea Valle"} | U47: FALSE | V47: FALSE
B48: CELSIA SOLAR BOLIVAR | C48: SOLAR | D48: SOLAR | E48: Pruebas | F48: SubArea Bolivar | G48: source_direct_subarea | J48: 8.18 | K48: 0 | L48: FALSE | M48: 8.06 | N48: 01_Data\01_Raw\PARATEC\GENERACION\SOLAR\PARATEC_Psolar_14-08-2026.xlsx | O48: Psolar | P48: 53 | Q48: 46209 | T48: {"Nombre": "CELSIA SOLAR BOLIVAR", "Operador": "CELSIA COLOMBIA S.A. E.S.P.", "Estado": "Pruebas", "Fecha de puesta en operación FPO": "2019-02-03T00:00:00", "Modo de operación": "No Despachada Centralmente", "Tipo de proceso productivo": "Generador", "Unidades equivalentes solares": "CELSIA SOLAR BOLIVAR 1", "Voltaje de conexión [kV]": "13,8", "Potencia nominal [MW]": "8,18", "Potencia máxima [MW]": "8,18", "Mínimo técnico [MW]": "0", "Capacidad efectiva neta [MW]": "8,06", "Arranque autónomo [Si/No]": "No", "Estatismo en frecuencia [%]": "4", "Estatismo en frecuencia mínimo [%]": "2", "Estatismo en frecuencia máximo [%]": "6", "Estatismo en tensión [%]": "5", "Banda muerta de operación [mHz]": "30", "Rango banda muerta de operación [mHz]": "120", "Capacidad de absorción [MVAr]": "1,85", "Capacidad de generación [MVAr]": "1,85", "Constante K": "2", "Tiempo de respuesta inicial del control rápido de corriente reactiva [ms]": "50", "Tiempo de respuesta inicial máximo-frecuencia [s]": "2", "Tiempo de establecimiento máximo-frecuencia [s]": "15", "Tiempo de respuesta inicial de tensión [s]": "2", "Tiempo de establecimiento de tensión [s]": "10", "Velocidad de toma de carga [MW/min]": "1,2", "Velocidad de descarga [MW/min]": "1,2", "Departamento": "BOLÍVAR", "Municipio": "SANTA ROSA", "Subárea operativa": "SubArea Bolivar"} | U48: FALSE | V48: FALSE
